,canonical_smiles,molecule_chembl_id,standard_value,bioactivity_class
0,O=C1Nc2ccc(S(=O)(=O)Nc3ccc(O)c(Cl)c3)c3cccc1c23,CHEMBL3326305,42300.0,inactive
1,O=C1Sc2c(S(=O)(=O)Nc3ccc(O)cc3)cc(S(=O)(=O)Nc3ccc(O)cc3)c3cccc1c23,CHEMBL3326315,14000.0,inactive
2,O=S(=O)(Nc1cc(Cl)c(O)c(Cl)c1)c1ccc2ccccc2c1,CHEMBL3356478,100000.0,inactive
3,O=S(=O)(Nc1ccc(O)c(Cl)c1)c1ccc(F)cc1,CHEMBL3314616,100000.0,inactive
4,Cc1cc2occ(CN(C)CCN(C)Cc3cn(-c4cccc(C(F)(F)F)c4)c4ccccc34)c(=O)c2cc1C.Cl,CHEMBL3326318,20300.0,inactive
5,O=C1Nc2ccc(S(=O)(=O)Nc3ccc(O)c(Cl)c3)c3cccc1c23,CHEMBL3326305,45700.0,inactive
6,O=C1Sc2c(S(=O)(=O)Nc3ccc(O)cc3)cc(S(=O)(=O)Nc3ccc(O)cc3)c3cccc1c23,CHEMBL3326315,25300.0,inactive
8,Cc1cc2occ(CN3CCN(Cc4cn(-c5cccc(C(F)(F)F)c5)c5ccccc45)CC3)c(=O)c2cc1C,CHEMBL3741761,10000.0,inactive
9,Cc1ccc2occ(CN(C)CCN(C)Cc3cn(-c4cccc(C(F)(F)F)c4)c4ccccc34)c(=O)c2c1,CHEMBL3739952,30000.0,inactive
10,Cc1ccc2occ(CN3CCN(Cc4cn(-c5cccc(C(F)(F)F)c5)c5ccccc45)CC3)c(=O)c2c1,CHEMBL3741215,30000.0,inactive
11,Cc1cc2occ(C(=O)N(C)CCN(C)C(=O)c3cn(-c4cccc(C(F)(F)F)c4)c4ccccc34)c(=O)c2cc1C,CHEMBL3742137,20000.0,inactive
12,Nc1cccc(-n2cc(C(=O)N3CCN(C(=O)c4coc5ccccc5c4=O)CC3)c3ccccc32)c1,CHEMBL3740948,10000.0,inactive
13,CN(CCN(C)C(=O)c1cn(S(=O)(=O)c2ccccc2)c2ccccc12)C(=O)c1coc2ccccc2c1=O,CHEMBL3741720,60000.0,inactive
14,O=C(c1coc2ccccc2c1=O)N1CCN(C(=O)c2cn(S(=O)(=O)c3ccccc3)c3ccccc23)CC1,CHEMBL3740702,15000.0,inactive
15,CN(CCN(C)C(=O)c1cn(S(=O)(=O)c2cccc([N+](=O)[O-])c2)c2ccccc12)C(=O)c1coc2ccccc2c1=O,CHEMBL3741275,20000.0,inactive
16,O=C(c1coc2ccccc2c1=O)N1CCN(C(=O)c2cn(S(=O)(=O)c3cccc([N+](=O)[O-])c3)c3ccccc23)CC1,CHEMBL3741940,20000.0,inactive
17,CN(CCN(C)C(=O)c1cn(S(=O)(=O)c2cccc(N)c2)c2ccccc12)C(=O)c1coc2ccccc2c1=O,CHEMBL3740051,25000.0,inactive
18,Nc1cccc(S(=O)(=O)n2cc(C(=O)N3CCN(C(=O)c4coc5ccccc5c4=O)CC3)c3ccccc32)c1,CHEMBL3740334,20000.0,inactive
19,Nc1cccc(-n2cc(C(=O)N3CCN(C(=O)c4coc5ccccc5c4=O)CC3)c3cc(N)ccc32)c1,CHEMBL3741278,40000.0,inactive
20,O=C(c1coc2ccccc2c1=O)N1CCN(C(=O)c2cn(-c3cccc([N+](=O)[O-])c3)c3ccc([N+](=O)[O-])cc23)CC1,CHEMBL3740080,15000.0,inactive
21,O=C(c1coc2ccccc2c1=O)N1CCN(Cc2cn(-c3cccc(C(F)(F)F)c3)c3ccccc23)CC1,CHEMBL3741883,10000.0,inactive
22,O=C(c1ccc2ccccc2c1)N1CCN(Cc2cn(-c3cccc(C(F)(F)F)c3)c3ccccc23)CC1,CHEMBL3741926,20000.0,inactive
23,O=C(c1ccccc1)N1CCN(Cc2cn(-c3cccc(C(F)(F)F)c3)c3ccccc23)CC1,CHEMBL3741027,15000.0,inactive
24,O=C(NCCCNC(=O)c1cn(S(=O)(=O)c2ccccc2)c2ccccc12)c1coc2ccccc2c1=O,CHEMBL3740564,20000.0,inactive
26,Cc1cc2occ(CN3CCN(Cc4cn(-c5cccc(C(F)(F)F)c5)c5ccccc45)CC3)c(=O)c2cc1C,CHEMBL3741761,15000.0,inactive
27,Cc1ccc2occ(CN(C)CCN(C)Cc3cn(-c4cccc(C(F)(F)F)c4)c4ccccc34)c(=O)c2c1,CHEMBL3739952,10000.0,inactive
28,Cc1ccc2occ(CN3CCN(Cc4cn(-c5cccc(C(F)(F)F)c5)c5ccccc45)CC3)c(=O)c2c1,CHEMBL3741215,15000.0,inactive
29,Cc1cc2occ(C(=O)N(C)CCN(C)C(=O)c3cn(-c4cccc(C(F)(F)F)c4)c4ccccc34)c(=O)c2cc1C,CHEMBL3742137,60000.0,inactive
30,Nc1cccc(-n2cc(C(=O)N3CCN(C(=O)c4coc5ccccc5c4=O)CC3)c3ccccc32)c1,CHEMBL3740948,20000.0,inactive
31,CN(CCN(C)C(=O)c1cn(S(=O)(=O)c2ccccc2)c2ccccc12)C(=O)c1coc2ccccc2c1=O,CHEMBL3741720,60000.0,inactive
32,O=C(c1coc2ccccc2c1=O)N1CCN(C(=O)c2cn(S(=O)(=O)c3ccccc3)c3ccccc23)CC1,CHEMBL3740702,40000.0,inactive
33,CN(CCN(C)C(=O)c1cn(S(=O)(=O)c2cccc([N+](=O)[O-])c2)c2ccccc12)C(=O)c1coc2ccccc2c1=O,CHEMBL3741275,40000.0,inactive
34,O=C(c1coc2ccccc2c1=O)N1CCN(C(=O)c2cn(S(=O)(=O)c3cccc([N+](=O)[O-])c3)c3ccccc23)CC1,CHEMBL3741940,40000.0,inactive
35,CN(CCN(C)C(=O)c1cn(S(=O)(=O)c2cccc(N)c2)c2ccccc12)C(=O)c1coc2ccccc2c1=O,CHEMBL3740051,20000.0,inactive
36,Nc1cccc(S(=O)(=O)n2cc(C(=O)N3CCN(C(=O)c4coc5ccccc5c4=O)CC3)c3ccccc32)c1,CHEMBL3740334,40000.0,inactive
37,Nc1cccc(-n2cc(C(=O)N3CCN(C(=O)c4coc5ccccc5c4=O)CC3)c3cc(N)ccc32)c1,CHEMBL3741278,40000.0,inactive
38,O=C(c1coc2ccccc2c1=O)N1CCN(C(=O)c2cn(-c3cccc([N+](=O)[O-])c3)c3ccc([N+](=O)[O-])cc23)CC1,CHEMBL3740080,20000.0,inactive
39,O=C(c1coc2ccccc2c1=O)N1CCN(Cc2cn(-c3cccc(C(F)(F)F)c3)c3ccccc23)CC1,CHEMBL3741883,20000.0,inactive
40,O=C(c1ccc2ccccc2c1)N1CCN(Cc2cn(-c3cccc(C(F)(F)F)c3)c3ccccc23)CC1,CHEMBL3741926,40000.0,inactive
41,O=C(c1ccccc1)N1CCN(Cc2cn(-c3cccc(C(F)(F)F)c3)c3ccccc23)CC1,CHEMBL3741027,20000.0,inactive
42,O=C(NCCCNC(=O)c1cn(S(=O)(=O)c2ccccc2)c2ccccc12)c1coc2ccccc2c1=O,CHEMBL3740564,40000.0,inactive
43,CC[C@H](C)[C@@H](NC(=O)[C@@H](CCC(=O)O)NC(=O)[C@@H](CCC(N)=O)NC(=O)[C@H](Cc1c[nH]c2ccccc12)NC(=O)[C@H](CC(N)=O)NC(=O)[C@H](CCCNC(=N)N)NC(=O)[C@H](CCCCN)NC(=O)[C@H](CC(C)C)NC(=O)[C@H](CCC(=O)O)NC(=O)[C@H](CC(=O)O)NC(=O)[C@H](CCC(=O)O)NC(=O)[C@H](C)NC(=O)[C@H](N)CC(=O)O)C(=O)N[C@H](CCC(N)=O)C(=O)N[C@H](CCC(=O)O)C(=O)N[C@H](Cc1ccccc1)C(=O)N[C@H](CCC(N)=O)C(=O)N[C@H](CCC(N)=O)C(=O)N[C@@H](C(=O)N[C@H](CC(C)C)C(=O)N[C@H](CCC(N)=O)C(=O)N[C@H](CCSC)C(=O)N[C@H](Cc1ccccc1)C(=O)N[C@H](Cc1ccccc1)C(=O)N[C@H](CCC(=O)O)C(=O)N[C@H](Cc1c[nH]c2ccccc12)C(=O)N[C@@H](Cc1c[nH]c2ccccc12)C(=O)N[C@@H](CCC(N)=O)C(=O)N[C@H](CCCCN)C(=O)N[C@@H](CC(=O)O)C(=O)O)[C@H](C)CC,CHEMBL4299667,11900.0,inactive
44,CC[C@H](C)[C@H](NC(=O)[C@H](CCC(N)=O)NC(=O)[C@H](Cc1ccccc1)NC(=O)[C@H](Cc1c[nH]c2ccccc12)NC(=O)[C@H](CCCCN)NC(=O)[C@H](Cc1c[nH]c2ccccc12)NC(=O)[C@H](Cc1ccccc1)NC(=O)[C@H](CCC(=O)O)NC(=O)[C@H](CCC(N)=O)NC(=O)[C@H](CC(C)C)NC(=O)[C@H](Cc1c[nH]c2ccccc12)NC(=O)[C@H](CCCCN)NC(=O)[C@H](CCCCN)NC(=O)[C@H](Cc1ccc(O)cc1)NC(=O)[C@H](CC(C)C)NC(=O)[C@H](CCC(=O)O)NC(=O)[C@H](CCC(=O)O)NC(=O)[C@H](CCC(N)=O)NC(=O)[C@H](CCC(N)=O)NC(=O)[C@@H](N)CCCNC(=N)N)C(=O)N[C@@H](C)C(=O)N[C@@H](CC(C)C)C(=O)N[C@@H](CCC(N)=O)C(=O)N[C@@H](CC(C)C)C(=O)N[C@@H](CC(=O)O)C(=O)O,CHEMBL3805016,32600.0,inactive
45,CC[C@H](C)[C@H](NC(=O)[C@H](Cc1c[nH]c2ccccc12)NC(=O)[C@H](CCC(=O)O)NC(=O)[C@H](CC(C)C)NC(=O)[C@@H](NC(=O)[C@H](CCSC)NC(=O)[C@H](CCCNC(=N)N)NC(=O)[C@H](C)NC(=O)[C@H](Cc1ccc(O)cc1)NC(=O)[C@H](CCC(N)=O)NC(=O)[C@H](CCC(=O)O)NC(=O)[C@H](C)NC(=O)[C@H](Cc1ccccc1)NC(=O)[C@H](Cc1c[nH]c2ccccc12)NC(=O)[C@H](CCCCN)NC(=O)[C@H](CCC(=O)O)NC(=O)[C@@H](N)CCC(N)=O)C(C)C)C(=O)N[C@@H](CCC(=O)O)C(=O)N[C@@H](CCCCN)C(=O)N[C@@H](CCC(=O)O)C(=O)N[C@@H](CC(C)C)C(=O)N[C@@H](CCCCN)C(=O)N[C@@H](CCC(=O)O)C(=O)N[C@@H](CO)C(=O)N[C@@H](CC(C)C)C(=O)O,CHEMBL3806135,20700.0,inactive
46,Cc1cc2occ(CN(C)CCN(C)Cc3cn(-c4cccc(C(F)(F)F)c4)c4ccccc34)c(=O)c2cc1C,CHEMBL255489,15000.0,inactive
48,COc1ccc2c(c1F)C(=O)N(C[C@@]1(C#Cc3ccc4c(=O)[nH][nH]c4c3)NC(=O)NC1=O)C2,CHEMBL3640297,226.45,active
49,COc1ccc2c(c1)C(=O)N(C[C@@]1(C#Cc3cc(F)c4c(=O)[nH][nH]c4c3)NC(=O)NC1=O)C2,CHEMBL3640298,723.0,active
50,COc1ccc2c(c1F)C(=O)N(C[C@@]1(C#Cc3cc(F)c4c(=O)[nH][nH]c4c3)NC(=O)NC1=O)C2,CHEMBL3640299,383.45,active
51,COc1ccc2c(c1)C(=O)N(C[C@@]1(C#Cc3ccc4c(c3)CN(C)C(=O)N4)NC(=O)NC1=O)C2,CHEMBL3640300,507.15,active
52,COc1ccc2c(c1F)C(=O)N(C[C@@]1(C#Cc3ccc4c(c3)CN(C)C(=O)N4)NC(=O)NC1=O)C2,CHEMBL3640301,281.3,active
53,O=C1NC(=O)[C@](C#Cc2cccnc2)(CN2Cc3ccc(I)cc3C2=O)N1,CHEMBL3640302,100001.0,inactive
54,O=C1NC(=O)[C@](C#Cc2cccnc2)(CN2Cc3ccc(I)cc3C2=O)N1,CHEMBL3640302,976.7,active
55,Cn1cc(-c2ccc3c(c2)C(=O)N(C[C@]2(C#Cc4cccnc4)NC(=O)NC2=O)C3)cn1,CHEMBL3640303,10000001.0,inactive
56,Cn1cc(-c2ccc3c(c2)C(=O)N(C[C@@]2(C#Cc4cccnc4)NC(=O)NC2=O)C3)cn1,CHEMBL3639391,10000001.0,inactive
57,CSc1ccc2c(c1)C(=O)N(C[C@@]1(C#Cc3cccnc3)NC(=O)NC1=O)C2,CHEMBL3640304,651.1,active
58,COc1ccc2c(c1)C(=O)N(C[C@@]1(C#Cc3ccc(C(O)C4CCN(C)CC4)cc3)NC(=O)NC1=O)C2,CHEMBL3640305,244.5,active
59,COc1ccc2c(c1)C(=O)N(C[C@@]1(C#Cc3ccc4c(c3)c(N)nn4CCN(C)C)NC(=O)NC1=O)C2,CHEMBL3640306,101.0,active
61,COc1ccc2c(c1)C(=O)N(C[C@@]1(C#Cc3ccc(-c4cc(N)n(C)n4)cc3)NC(=O)NC1=O)C2,CHEMBL3640308,223.0,active
62,COc1ccc2c(c1)C(=O)N(C[C@@]1(C#Cc3ccc(-c4cc(N)[nH]n4)cc3)NC(=O)NC1=O)C2,CHEMBL3640309,128.0,active
64,COc1ccc2c(c1)C(=O)N(C[C@@]1(C#Cc3ccc4c(=O)[nH]n(C)c4c3)NC(=O)NC1=O)C2,CHEMBL3640311,456.0,active
65,COc1ccc2c(c1)C(=O)N(C[C@@]1(C#Cc3ccc4c(=O)[nH][nH]c4c3)NC(=O)NC1=O)C2,CHEMBL3640312,156.0,active
68,COc1ccc2c(c1)C(=O)N(C[C@@]1(C#Cc3ccc4c(CN(C)C)n[nH]c4c3)NC(=O)NC1=O)C2,CHEMBL3640315,163.0,active
70,COc1ccc2c(c1)C(=O)N(C[C@@]1(C#Cc3ccc(CC4CCN(C)CC4)nc3)NC(=O)NC1=O)C2,CHEMBL1287908,194.9,active
71,COc1ccc2c(c1)C(=O)N(C[C@@]1(C#Cc3ccc(C4CCN(C)CC4)nc3)NC(=O)NC1=O)C2,CHEMBL3640317,244.9,active
73,COc1ccc2c(c1F)C(=O)N(C[C@@]1(C#Cc3ccc(C4(O)CCNCC4)cc3)NC(=O)NC1=O)C2,CHEMBL3640319,137.0,active
74,COc1ccc2c(c1F)C(=O)N(C[C@@]1(C#Cc3ccc(C(CN)N4CCC(NC(=O)OC(C)(C)C)C4)cc3)NC(=O)NC1=O)C2,CHEMBL3640320,303.0,active
75,COc1ccc2c(c1)C(=O)N(C[C@@]1(C#Cc3ccc(C(CN)N4CCC(NC(=O)OC(C)(C)C)C4)cc3)NC(=O)NC1=O)C2,CHEMBL3640321,316.0,active
76,COc1ccc2c(c1F)C(=O)N(C[C@@]1(C#Cc3ccc(C(CN)N4CCC(N)C4)cc3)NC(=O)NC1=O)C2,CHEMBL3640322,109.0,active
77,COc1ccc2c(c1)C(=O)N(C[C@@]1(C#Cc3ccc(C(CN)N4CCC(N)C4)cc3)NC(=O)NC1=O)C2,CHEMBL3640323,233.0,active
78,COc1ccc2c(c1F)C(=O)N(C[C@@]1(C#Cc3ccc(N4CCNCC4)cc3)NC(=O)NC1=O)C2,CHEMBL3640324,118.0,active
79,COc1ccc2c(c1)C(=O)N(C[C@@]1(C#Cc3cncc(-c4ccc(O)c(-c5cn[nH]c5)n4)c3)NC(=O)NC1=O)C2,CHEMBL3640325,374.0,active
80,CCN1CCN(C(=O)c2ccc(C#C[C@]3(CN4Cc5ccc(OC)cc5C4=O)NC(=O)NC3=O)cc2)CC1,CHEMBL3640326,446.0,active
82,COc1ccc2c(c1)C(=O)N(C[C@@]1(C#Cc3ccc(C(=O)N4CCN(C5CCCCC5)CC4)cc3)NC(=O)NC1=O)C2,CHEMBL3640328,578.0,active
83,COc1ccc2c(c1)C(=O)N(C[C@@]1(C#Cc3ccc(C(=O)N4CCC(N5CCCCC5)CC4)cc3)NC(=O)NC1=O)C2,CHEMBL3640329,400.6,active
84,CCN1CCN(C(=O)c2ccc(C#C[C@]3(CN4Cc5ccc(OC)c(F)c5C4=O)NC(=O)NC3=O)cc2)CC1,CHEMBL3640330,307.85,active
85,COc1ccc2c(c1F)C(=O)N(C[C@@]1(C#Cc3ccc(CN4CCOCC4)nc3)NC(=O)NC1=O)C2,CHEMBL3640331,698.1,active
86,COc1ccc2c(c1F)C(=O)N(C[C@@]1(C#Cc3ccc(CN4CCSCC4)nc3)NC(=O)NC1=O)C2,CHEMBL3640332,587.5,active
87,COc1ccc2c(c1F)C(=O)N(C[C@@]1(C#Cc3ccc(CN4CCCCC4)nc3)NC(=O)NC1=O)C2,CHEMBL3640333,785.1,active
89,COc1ccc2c(c1)C(=O)N(C[C@@]1(C#Cc3ccc(-c4ccccc4O)cc3)NC(=O)NC1=O)C2,CHEMBL3640335,652.1,active
90,COc1ccc2c(c1)C(=O)N(C[C@@]1(C#Cc3ccc(-c4nc(-c5ccncc5)ccc4O)cc3)NC(=O)NC1=O)C2,CHEMBL3640336,65.0,active
91,COc1ccc2c(c1)C(=O)N(C[C@@]1(C#Cc3ccc(-c4nc(-c5cccnc5)ccc4O)cc3)NC(=O)NC1=O)C2,CHEMBL3640337,80.25,active
92,CCN1CCN(c2ccc(OC)c(-c3ccc(C#C[C@]4(CN5Cc6ccc(OC)cc6C5=O)NC(=O)NC4=O)cc3)n2)CC1,CHEMBL3640338,573.3,active
93,COc1ccc2c(c1)C(=O)N(C[C@@]1(C#Cc3ccc(-c4nc(-c5cnn(C)c5)ccc4O)cc3)NC(=O)NC1=O)C2,CHEMBL3640339,61.0,active
94,CCN1CCN(Cc2ccc(C#C[C@]3(CN4Cc5ccc(OC)c(F)c5C4=O)NC(=O)NC3=O)cc2)CC1,CHEMBL3640340,124.6,active
95,COc1ccc2c(c1)C(=O)N(C[C@@]1(C#Cc3ccc(-c4nc(-c5cccnc5)ccc4OC(C)=O)cc3)NC(=O)NC1=O)C2,CHEMBL3640341,61.65,active
96,CCN1CCN(c2ccc(O)c(-c3ccc(C#C[C@]4(CN5Cc6ccc(OC)cc6C5=O)NC(=O)NC4=O)cc3F)n2)CC1,CHEMBL1288726,39.75,active
97,CCN1CCN(Cc2ccc(C#C[C@]3(CN4Cc5ccc(OC)cc5C4=O)NC(=O)NC3=O)cn2)CC1,CHEMBL3640342,782.3,active
98,CCN1CCN(Cc2ccc(C#C[C@]3(CN4Cc5ccc(OC)c(F)c5C4=O)NC(=O)NC3=O)cn2)CC1,CHEMBL3640343,156.0,active
99,COc1ccc2c(c1F)C(=O)N(C[C@@]1(C#Cc3ccc(CN4CCN(c5ccncc5)CC4)nc3)NC(=O)NC1=O)C2,CHEMBL3640344,228.0,active
101,COc1ccc2c(c1F)C(=O)N(C[C@@]1(C#Cc3ccc(CN4CCN(c5ccncc5)CC4)cc3)NC(=O)NC1=O)C2,CHEMBL3640346,289.6,active
102,COc1ccc2c(c1F)C(=O)N(C[C@@]1(C#Cc3ccc(CN4CCN(C5CCCCC5)CC4)cc3)NC(=O)NC1=O)C2,CHEMBL3640347,255.4,active
103,CCN1CCN(Cc2ccc(C#C[C@]3(CN4Cc5ccc(OC)c(F)c5C4=O)NC(=O)NC3=O)cc2F)CC1,CHEMBL3640348,249.8,active
104,CCN1CCN(C(C)c2ccc(C#C[C@]3(CN4Cc5ccc(OC)c(F)c5C4=O)NC(=O)NC3=O)cc2)CC1,CHEMBL3640349,695.1,active
105,COc1ccc2c(c1F)C(=O)N(C[C@]1(C#Cc3ccc(CN4CCN(C5CCCCC5)CC4)cc3)NC(=O)NC1=O)C2,CHEMBL3640350,100001.0,inactive
106,COc1ccc2c(c1F)C(=O)N(C[C@@]1(C#Cc3ccc(-c4nc(-c5cnn(C)c5)ccc4O)cc3)NC(=O)NC1=O)C2,CHEMBL3640351,87.0,active
107,COc1ccc2c(c1F)C(=O)N(C[C@@]1(C#Cc3ccc(-c4nc(-c5cnn(C)c5)ccc4O)c(F)c3)NC(=O)NC1=O)C2,CHEMBL3640352,75.4,active
108,CCC(=O)Oc1ccc(-c2cnn(C)c2)nc1-c1ccc(C#C[C@]2(CN3Cc4ccc(OC)cc4C3=O)NC(=O)NC2=O)cc1,CHEMBL3640353,55.9,active
109,COc1ccc2c(c1)C(=O)N(C[C@@]1(C#Cc3ccc(-c4nc(-c5cnn(C)c5)ccc4OC(=O)C(C)C)cc3)NC(=O)NC1=O)C2,CHEMBL3640354,47.97,active
110,COc1ccc2c(c1)C(=O)N(C[C@@]1(C#Cc3ccc(-c4nc(-c5cnn(C)c5)ccc4OC(=O)C(C)(C)C)cc3)NC(=O)NC1=O)C2,CHEMBL3640355,42.75,active
111,CCN1CCN(c2cccc(-c3ccc(C#C[C@]4(CN5Cc6ccc(OC)c(F)c6C5=O)NC(=O)NC4=O)cc3)n2)CC1,CHEMBL3640356,605.65,active
112,CCN1CCN(c2cccc(-c3ccc(C#C[C@]4(CN5Cc6ccc(OC)c(F)c6C5=O)NC(=O)NC4=O)cc3F)n2)CC1,CHEMBL3640357,808.3,active
113,COc1ccc2c(c1F)C(=O)N(C[C@@]1(C#Cc3ccc(-c4cccc(N5CCN(C6CCCCC6)CC5)n4)cc3)NC(=O)NC1=O)C2,CHEMBL3640358,855.6,active
118,COc1ccc2c(c1)C(=O)N(C[C@@]1(C#Cc3ccc(-c4cccc(N5CCSCC5)n4)cc3)NC(=O)NC1=O)C2,CHEMBL3640363,1000001.0,inactive
120,COc1ccc2c(c1)C(=O)N(C[C@@]1(C#Cc3ccc(-c4ccc(-c5cccc(N6CCSCC6)n5)cc4)cc3)NC(=O)NC1=O)C2,CHEMBL3640365,1000001.0,inactive
121,COc1ccc2c(c1F)C(=O)N(C[C@@]1(C#Cc3ccc(-c4nc(-c5cccnc5)ccc4O)cc3)NC(=O)NC1=O)C2,CHEMBL3640366,105.65,active
122,COc1ccc2c(c1F)C(=O)N(C[C@@]1(C#Cc3ccc(-c4nc(-c5cccnc5)ccc4O)c(F)c3)NC(=O)NC1=O)C2,CHEMBL3640367,118.7,active
123,COc1ccc2c(c1F)C(=O)N(C[C@@]1(C#Cc3ccc(-c4nc(N5CCC(=O)CC5)ccc4O)cc3)NC(=O)NC1=O)C2,CHEMBL3640368,123.85,active
124,COc1ccc2c(c1F)C(=O)N(C[C@@]1(C#Cc3ccc(-c4nc(-c5cnn(C)c5)ccc4OC(=O)C(C)(C)C)c(F)c3)NC(=O)NC1=O)C2,CHEMBL3640369,68.45,active
125,COc1ccc2c(c1)C(=O)N(C[C@@]1(C#Cc3ccc(-c4ncccc4OC(=O)C(C)(C)C)cc3)NC(=O)NC1=O)C2,CHEMBL3640370,341.55,active
126,COc1ccc2c(c1F)C(=O)N(C[C@@]1(C#Cc3ccc(-c4ncccc4O)cc3)NC(=O)NC1=O)C2,CHEMBL3640371,96.0,active
129,COc1ccc2c(c1)C(=O)N(C[C@@]1(C#Cc3ccc(C4(CNS(C)(=O)=O)NC(=O)NC4=O)cc3)NC(=O)NC1=O)C2,CHEMBL3640374,176.0,active
130,COc1ccc2c(c1)C(=O)N(C[C@@]1(C#Cc3ccc(-n4cnc(CCNC(C)=O)c4)cc3)NC(=O)NC1=O)C2,CHEMBL3640375,453.0,active
131,COc1ccc2c(c1)C(=O)N(C[C@@]1(C#Cc3ccc(-n4cnc(CCNC(C)=O)c4)nc3)NC(=O)NC1=O)C2,CHEMBL3640376,524.0,active
132,COc1ccc2c(c1)C(=O)N(C[C@@]1(C#Cc3ccc(C4=NCCN4)c(C)c3)NC(=O)NC1=O)C2,CHEMBL3640377,504.0,active
134,COc1ccc2c(c1)C(=O)N(C[C@@]1(C#Cc3ccc(-n4ccnc4)cc3)NC(=O)NC1=O)C2,CHEMBL3640379,786.0,active
137,COc1ccc2c(c1)C(=O)N(C[C@@]1(C#Cc3ccc(-c4ccc(C)[nH]c4=O)nc3)NC(=O)NC1=O)C2,CHEMBL3640382,766.0,active
138,COc1ccc2c(c1F)C(=O)N(C[C@@]1(C#Cc3ccc(C4(C)NC(=O)NC4=O)c(F)c3)NC(=O)NC1=O)C2,CHEMBL3640383,148.0,active
139,COc1ccc2c(c1)C(=O)N(C[C@@]1(C#Cc3ccc(-c4c(N)n[nH]c4C)cc3)NC(=O)NC1=O)C2,CHEMBL3640384,488.0,active
140,COc1ccc2c(c1F)C(=O)N(C[C@@]1(C#Cc3ccc4c(c3)C3(CC4)NC(=O)NC3=O)NC(=O)NC1=O)C2,CHEMBL3640385,367.0,active
141,COc1ccc2c(c1)C(=O)N(C[C@@]1(C#Cc3ccc(Nc4c(NCCN5CCOCC5)c(=O)c4=O)cc3)NC(=O)NC1=O)C2,CHEMBL3640386,169.0,active
142,COc1ccc2c(c1)C(=O)N(C[C@@]1(C#Cc3ccc(Nc4c(NCCN(C)C)c(=O)c4=O)cc3)NC(=O)NC1=O)C2,CHEMBL3640387,161.0,active
143,COc1ccc2c(c1)C(=O)N(C[C@@]1(C#Cc3ccc(Nc4c(N)c(=O)c4=O)cc3)NC(=O)NC1=O)C2,CHEMBL3640388,306.0,active
144,COc1ccc2c(c1F)C(=O)N(C[C@@]1(C#Cc3ccc(C(N=O)N4CCNC[C@@H]4C)c(F)c3)NC(=O)NC1=O)C2,CHEMBL3640389,42.0,active
145,COc1ccc2c(c1F)C(=O)N(C[C@@]1(C#Cc3cncc(F)c3)NC(=O)NC1=O)C2,CHEMBL3640390,305.0,active
146,CCN1CCN(C(N=O)c2ccc(C#C[C@]3(CN4Cc5ccc(OC)c(F)c5C4=O)NC(=O)NC3=O)cc2F)[C@@H](C)C1,CHEMBL3640391,69.0,active
147,COc1ccc2c(c1F)C(=O)N(C[C@@]1(C#Cc3cc(F)cnc3Cl)NC(=O)NC1=O)C2,CHEMBL3640392,935.0,active
148,COc1ccc2c(c1F)C(=O)N(C[C@@]1(C#Cc3ccc(C4(C#N)CCN(C)CC4)cc3)NC(=O)NC1=O)C2,CHEMBL3640393,669.0,active
149,COc1ccc2c(c1F)C(=O)N(C[C@@]1(C#Cc3ccc(C4(C(N)=O)CCN(C)CC4)cc3)NC(=O)NC1=O)C2,CHEMBL3640394,152.0,active
151,COc1ccc2c(c1F)C(=O)N(C[C@@]1(C#Cc3ccc(N4C(=O)NC5(CC5)C4=O)c(F)c3)NC(=O)NC1=O)C2,CHEMBL3640397,148.0,active
152,COc1ccc2c(c1)C(=O)N(CC1(C#Cc3cccc4c3CCC43NC(=O)NC3=O)NC(=O)NC1=O)C2,CHEMBL3640398,1000.0,active
153,CCN1CCN(C(=O)C2CC(=O)N(c3ccc(C#C[C@]4(CN5Cc6ccc(OC)cc6C5=O)NC(=O)NC4=O)cc3)C2)CC1,CHEMBL3640399,940.0,active
155,CCN1CCN(C(=O)C2CCC(=O)N2c2ccc(C#C[C@]3(CN4Cc5ccc(OC)cc5C4=O)NC(=O)NC3=O)cc2)CC1,CHEMBL3640401,113.0,active
156,COc1ccc2c(c1)C(=O)N(C[C@@]1(C#Cc3ccc(N4C(=O)CCC4C(=O)NC4CC4)cc3)NC(=O)NC1=O)C2,CHEMBL3640402,127.0,active
157,CCN1CCN(C(=O)C2CCC(=O)N2c2ccc(C#C[C@]3(CN4Cc5ccc(OC)c(F)c5C4=O)NC(=O)NC3=O)cc2)CC1,CHEMBL3639392,152.0,active
158,COc1ccc2c(c1F)C(=O)N(C[C@@]1(C#Cc3ccc(N4C(=O)CCC4C(=O)NC4CC4)cc3)NC(=O)NC1=O)C2,CHEMBL3640403,278.0,active
159,COc1ccc2c(c1)C(=O)N(C[C@@]1(C#Cc3ccc(N4C(=O)CCC4C(=O)N4CCN(C)CC4)cc3)NC(=O)NC1=O)C2,CHEMBL3640404,416.0,active
160,COc1ccc2c(c1)C(=O)N(C[C@@]1(C#Cc3ccc(N4C(=O)CCC4(C(=O)O)C(C)(C)O)nc3)NC(=O)NC1=O)C2,CHEMBL3640405,578.0,active
161,COc1ccc2c(c1F)C(=O)N(C[C@@]1(C#Cc3cncc(NC(=O)C4CCN(C)CC4)c3)NC(=O)NC1=O)C2,CHEMBL3640406,86.0,active
162,COc1ccc2c(c1)C(=O)N(C[C@@]1(C#Cc3cncc(NC(=O)C4CCN(C)CC4)c3)NC(=O)NC1=O)C2,CHEMBL3640407,299.0,active
163,COc1ccc2c(c1)C(=O)N(C[C@@]1(C#Cc3ccc(NC(=O)C4CCN(C)CC4)cc3)NC(=O)NC1=O)C2,CHEMBL3640408,78.0,active
165,CCN1CCN(C(=O)c2ccc(OC)c(C#C[C@]3(CN4Cc5ccc(OC)cc5C4=O)NC(=O)NC3=O)n2)CC1,CHEMBL3640410,622.0,active
166,CCNc1nnc(-c2ccc(OC)c(C#C[C@]3(CN4Cc5ccc(OC)cc5C4=O)NC(=O)NC3=O)n2)o1,CHEMBL3640412,899.0,active
167,COc1ccc2c(c1)C(=O)N(C[C@@]1(C#Cc3ccc(-n4cn[nH]c4=O)cc3)NC(=O)NC1=O)C2,CHEMBL3640413,538.0,active
168,COc1ccc2c(c1)C(=O)N(C[C@@]1(C#Cc3ccc(-n4c(C)n[nH]c4=O)cc3)NC(=O)NC1=O)C2,CHEMBL3640414,243.0,active
169,COc1ccc2c(c1)C(=O)N(C[C@@]1(C#Cc3ccc(-n4c(-c5cccnc5)n[nH]c4=O)cc3)NC(=O)NC1=O)C2,CHEMBL3640415,258.0,active
171,COc1ccc2c(c1)C(=O)N(C[C@@]1(C#Cc3ccccc3C=O)NC(=O)NC1=O)C2,CHEMBL3640417,936.0,active
172,COc1ccc2c(c1)C(=O)N(C[C@@]1(C#Cc3ccc(-c4nnc(N)o4)cc3)NC(=O)NC1=O)C2,CHEMBL3640418,244.0,active
173,CCNc1nnc(-c2ccc(C#C[C@]3(CN4Cc5ccc(OC)cc5C4=O)NC(=O)NC3=O)cc2)o1,CHEMBL3640419,269.0,active
174,COc1ccc2c(c1)C(=O)N(C[C@@]1(C#Cc3nc(N)ccc3O)NC(=O)NC1=O)C2,CHEMBL3640420,808.0,active
176,CCN1CCN(/C(=N/O)c2cnc(C#C[C@]3(CN4Cc5ccc(OC)cc5C4=O)NC(=O)NC3=O)c(OC)c2)CC1,CHEMBL3640422,204.0,active
177,COc1ccc2c(c1)C(=O)N(C[C@@]1(C#Cc3ncc(C(N=O)N4CCN(c5cnccn5)CC4)cc3OC)NC(=O)NC1=O)C2,CHEMBL3640423,515.0,active
178,COc1ccc2c(c1)C(=O)N(C[C@@]1(C#Cc3nc(N4C[C@@H](O)CC4=O)ccc3OC)NC(=O)NC1=O)C2,CHEMBL3640424,837.1,active
179,COc1ccc2c(c1)C(=O)N(C[C@@]1(C#Cc3nc(-c4cccc(C#N)c4)ccc3OC)NC(=O)NC1=O)C2,CHEMBL3640425,1000001.0,inactive
185,COc1ccc2c(c1)C(=O)N(C[C@@]1(C#Cc3ccc(N4CCCCC4)nc3)NC(=O)NC1=O)C2,CHEMBL3640431,514.0,active
186,COc1ccc2c(c1)C(=O)N(C[C@@]1(C#Cc3nc(-c4cnc(N(C)C)nc4)ccc3OC)NC(=O)NC1=O)C2,CHEMBL3640432,10001.0,inactive
190,COc1ccc2c(c1)C(=O)N(C[C@@]1(C#Cc3nc(-c4ccc(C#N)nc4)ccc3OC)NC(=O)NC1=O)C2,CHEMBL3642427,10000001.0,inactive
191,COc1ccc2c(c1)C(=O)N(C[C@@]1(C#Cc3ccc(N(c4cccnc4)C4CCNCC4)nc3)NC(=O)NC1=O)C2,CHEMBL3642429,430.0,active
193,COc1ccc2c(c1)C(=O)N(C[C@@]1(C#Cc3ccc(CCN)cc3)NC(=O)NC1=O)C2,CHEMBL3642431,219.0,active
194,COc1ccc2c(c1)C(=O)N(C[C@@]1(C#Cc3ccc(N4CCNCC4)cc3)NC(=O)NC1=O)C2,CHEMBL1287882,205.0,active
195,COc1ccc2c(c1)C(=O)N(C[C@@]1(C#Cc3ncc(NCc4nccc(=O)[nH]4)cc3OC)NC(=O)NC1=O)C2,CHEMBL3642432,632.0,active
197,COc1ccc2c(c1)C(=O)N(C[C@@]1(C#Cc3cncc(-c4ccc(N)nc4)c3)NC(=O)NC1=O)C2,CHEMBL3642434,513.5,active
198,COc1ccc2c(c1)C(=O)N(C[C@@]1(C#Cc3cncc(-c4cn[nH]c4)c3)NC(=O)NC1=O)C2,CHEMBL3642435,260.0,active
199,COc1ccc2c(c1)C(=O)N(C[C@@]1(C#Cc3cncc(-c4ccc(C(N)=O)cc4)c3)NC(=O)NC1=O)C2,CHEMBL3642436,361.0,active
203,COc1ccc2c(c1)C(=O)N(C[C@@]1(C#Cc3cncc(-c4ccc(C(N)=O)o4)c3)NC(=O)NC1=O)C2,CHEMBL3642440,776.1,active
204,COc1ccc2c(c1F)C(=O)N(C[C@@]1(C#Cc3ccc4c(c3)CCC43NC(=O)NC3=O)NC(=O)NC1=O)C2,CHEMBL3642441,186.0,active
205,COc1ccc2c(c1)C(=O)N(C[C@@]1(C#Cc3ccc(C4(CN)NC(=O)NC4=O)cc3)NC(=O)NC1=O)C2,CHEMBL3642442,229.0,active
206,COc1ccc2c(c1)C(=O)N(C[C@@]1(C#Cc3ccc(C4(CN5Cc6cc(O)ccc6C5=O)NC(=O)NC4=O)cc3)NC(=O)NC1=O)C2,CHEMBL3642443,419.0,active
207,COc1ccc2c(c1)C(=O)N(C[C@]1(c3ccc(C#C[C@]4(CN5Cc6ccc(OC)cc6C5=O)NC(=O)NC4=O)cc3)NC(=O)NC1=O)C2,CHEMBL3642444,849.0,active
208,COc1ccc2c(c1)C(=O)N(C[C@@]1(C#Cc3ccc([C@@]4(CN)NC(=O)NC4=O)cc3)NC(=O)NC1=O)C2,CHEMBL3642445,122.0,active
210,COc1ccc2c(c1)C(=O)N(C[C@@]1(C#Cc3cc(C(N)=O)ccc3C)NC(=O)NC1=O)C2,CHEMBL3642447,417.0,active
211,COc1ccc2c(c1)C(=O)N(C[C@@]1(C#Cc3ccc(CCNC(=O)C(F)(F)F)s3)NC(=O)NC1=O)C2,CHEMBL3642448,930.0,active
212,COc1ccc2c(c1)C(=O)N(C[C@@]1(C#Cc3ccc(C4=NCCN4)cc3)NC(=O)NC1=O)C2,CHEMBL3642449,227.0,active
213,COc1ccc2c(c1)C(=O)N(C[C@@]1(C#Cc3ccc(-c4nnc[nH]4)cc3OC)NC(=O)NC1=O)C2,CHEMBL3642450,131.0,active
214,COc1ccc2c(c1)C(=O)N(C[C@@]1(C#Cc3ccc(C(=O)NO)cc3OC)NC(=O)NC1=O)C2,CHEMBL3642451,146.0,active
215,COc1ccc2c(c1)C(=O)N(C[C@@]1(C#Cc3ccc(-n4ccnc4)cc3OC)NC(=O)NC1=O)C2,CHEMBL3642452,786.0,active
217,COc1ccc2c(c1)C(=O)N(C[C@@]1(C#Cc3cc(Br)ccc3O)NC(=O)NC1=O)C2,CHEMBL3642453,10001.0,inactive
220,COc1ccc2c(c1)C(=O)N(C[C@@]1(C#Cc3c(C)ncc(C(=O)O)c3O)NC(=O)NC1=O)C2,CHEMBL3642456,699.0,active
221,COc1ccc2c(c1)C(=O)N(C[C@@]1(C#Cc3cncc(-c4csc(N)n4)c3)NC(=O)NC1=O)C2,CHEMBL3642457,811.0,active
222,COc1ccc2c(c1)C(=O)N(C[C@@]1(C#Cc3ccc(-c4cc[nH]n4)nc3)NC(=O)NC1=O)C2,CHEMBL3642458,231.0,active
223,COc1ccc2c(c1)C(=O)N(C[C@@]1(C#Cc3cncc(-c4cc[nH]n4)c3)NC(=O)NC1=O)C2,CHEMBL3642459,678.0,active
224,COc1ccc2c(c1)C(=O)N(C[C@@]1(C#Cc3ccc4c(N)n[nH]c4c3)NC(=O)NC1=O)C2,CHEMBL3642460,309.6,active
225,COc1ccc2c(c1)C(=O)N(C[C@@]1(C#Cc3ccc4[nH]nc(N)c4c3)NC(=O)NC1=O)C2,CHEMBL3642461,520.1,active
226,CCN1CCN(c2n[nH]c3ccc(C#C[C@]4(CN5Cc6ccc(OC)cc6C5=O)NC(=O)NC4=O)cc23)CC1,CHEMBL3642462,421.75,active
227,CCN1CCN(c2n[nH]c3cc(C#C[C@]4(CN5Cc6ccc(OC)cc6C5=O)NC(=O)NC4=O)ccc23)CC1,CHEMBL3642463,187.95,active
228,COc1ccc2c(c1)C(=O)N(C[C@@]1(C#Cc3cncc(NS(C)(=O)=O)c3)NC(=O)NC1=O)C2,CHEMBL3642464,386.0,active
230,COc1ccc2c(c1)C(=O)N(C[C@@]1(C#Cc3cncc(NC(C)=O)c3)NC(=O)NC1=O)C2,CHEMBL3642466,444.0,active
232,COc1ccc2c(c1)C(=O)N(C[C@@]1(C#Cc3c[nH]c4nc(=O)oc-4c3)NC(=O)NC1=O)C2,CHEMBL3642468,574.0,active
233,COc1ccc2c(c1)C(=O)N(C[C@@]1(C#Cc3ccc(C(N=O)c4ccc(F)cc4)cc3)NC(=O)NC1=O)C2,CHEMBL3642469,954.0,active
234,COc1ccc2c(c1)C(=O)N(C[C@@]1(C#Cc3ccc(C(N=O)C4CCN(C)CC4)cc3)NC(=O)NC1=O)C2,CHEMBL3642470,40.0,active
236,COc1ccc2c(c1)C(=O)N(C[C@@]1(C#Cc3cc(Cl)cnc3N)NC(=O)NC1=O)C2,CHEMBL3642472,10001.0,inactive
238,COc1ccc2c(c1)C(=O)N(C[C@]1(C#Cc3ccnc(SC)n3)NC(=O)NC1=O)C2,CHEMBL3642474,10001.0,inactive
240,COc1ccc2c(c1)C(=O)N(C[C@@]1(C#Cc3ccc(C(O)(O)C(F)(F)F)cc3)NC(=O)NC1=O)C2,CHEMBL3642476,257.8,active
242,COc1ccc2c(c1)C(=O)N(C[C@@]1(C#Cc3cncc(-c4noc(C(N)=O)n4)c3)NC(=O)NC1=O)C2,CHEMBL3642478,712.9,active
243,COc1ccc2c(c1)C(=O)N(C[C@@]1(C#Cc3cncc(C(=O)NN)c3)NC(=O)NC1=O)C2,CHEMBL3642479,432.0,active
248,COc1ccc2c(c1)C(=O)N(C[C@@]1(C#Cc3cnc(N)c(C(=O)NS(C)(=O)=O)c3)NC(=O)NC1=O)C2,CHEMBL3642483,10001.0,inactive
249,COc1ccc2c(c1)C(=O)N(C[C@]1(C#Cc3ccc(C(=O)O)s3)NC(=O)NC1=O)C2,CHEMBL3642484,10001.0,inactive
250,COc1ccc2c(c1)C(=O)N(C[C@@]1(C#Cc3ccc(C4(C5CCC5)NC(=O)NC4=O)cc3)NC(=O)NC1=O)C2,CHEMBL3642485,382.0,active
251,COc1ccc2c(c1)C(=O)N(C[C@@]1(C#Cc3ccc(C4(C)NC(=O)NC4=O)s3)NC(=O)NC1=O)C2,CHEMBL3642486,208.0,active
252,COc1ccc2c(c1)C(=O)N(C[C@@]1(C#Cc3csc(C4(C)NC(=O)NC4=O)c3)NC(=O)NC1=O)C2,CHEMBL3642487,531.0,active
253,COc1ccc2c(c1)C(=O)N(C[C@@]1(C#Cc3ccc4oc(C5(C)NC(=O)NC5=O)cc4c3)NC(=O)NC1=O)C2,CHEMBL3642488,292.0,active
254,COc1ccc2c(c1)C(=O)N(C[C@@]1(C#Cc3ccc4oc(C5(C)NC(=O)NC5=O)c(C)c4c3)NC(=O)NC1=O)C2,CHEMBL3642489,545.0,active
255,CCN1CCN(C(N=O)c2ccc(C#C[C@]3(CN4Cc5ccc(OC)cc5C4=O)NC(=O)NC3=O)cc2)CC1,CHEMBL3642490,20.0,active
256,COc1ccc2c(c1)C(=O)N(C[C@@]1(C#Cc3ccc(C(N=O)N4CCSCC4)cc3)NC(=O)NC1=O)C2,CHEMBL3642491,153.0,active
257,COc1ccc2c(c1)C(=O)N(C[C@@]1(C#Cc3ccc(/C(=N/O)N4CCCN(C)CC4)cc3)NC(=O)NC1=O)C2,CHEMBL3642492,45.0,active
258,COc1ccc2c(c1)C(=O)N(C[C@@]1(C#Cc3ccc(/C(=N/O)N4CCC4)cc3)NC(=O)NC1=O)C2,CHEMBL3642493,186.0,active
259,COc1ccc2c(c1)C(=O)N(C[C@@]1(C#Cc3cccc(C(N=O)N4CCN(C)CC4)c3)NC(=O)NC1=O)C2,CHEMBL3642494,221.0,active
260,COc1ccc2c(c1)C(=O)N(C[C@@]1(C#Cc3cccc(C(N=O)N4CCOCC4)c3)NC(=O)NC1=O)C2,CHEMBL3642495,274.0,active
261,COc1ccc2c(c1)C(=O)N(C[C@@]1(C#Cc3ccc(C(N=O)N4CCN(C5CC5)CC4)cc3)NC(=O)NC1=O)C2,CHEMBL3642496,92.0,active
262,CCN1CCN(C(N=O)c2cncc(C#C[C@]3(CN4Cc5ccc(OC)cc5C4=O)NC(=O)NC3=O)c2)CC1,CHEMBL3642497,435.0,active
264,CCCCN1CCN(/C(=N/O)c2ccc(C#C[C@]3(CN4Cc5ccc(OC)cc5C4=O)NC(=O)NC3=O)cc2)CC1,CHEMBL3642499,74.0,active
265,COc1ccc2c(c1)C(=O)N(C[C@@]1(C#Cc3ccc(C(N=O)N4CCN(C5CCCCC5)CC4)cc3)NC(=O)NC1=O)C2,CHEMBL3642500,76.0,active
266,COc1ccc2c(c1)C(=O)N(C[C@@]1(C#Cc3ccc(C(N=O)N4CCN(C5CCCCCC5)CC4)cc3)NC(=O)NC1=O)C2,CHEMBL3642501,151.0,active
267,COc1ccc2c(c1)C(=O)N(C[C@@]1(C#Cc3ccc(C(N=O)N4CCN(c5ccccc5)CC4)cc3)NC(=O)NC1=O)C2,CHEMBL3642502,278.0,active
269,CCN1CCN(C(CO)c2ccc(C#C[C@]3(CN4Cc5ccc(OC)cc5C4=O)NC(=O)NC3=O)cc2)CC1,CHEMBL3642504,504.0,active
270,COc1ccc2c(c1)C(=O)N(C[C@@]1(C#Cc3ccc(/C(=N/O)N4CCCN(C(C)C)CC4)cc3)NC(=O)NC1=O)C2,CHEMBL3642505,47.0,active
272,CCN1CCN(Cc2ccc(C#C[C@]3(CN4Cc5ccc(OC)cc5C4=O)NC(=O)NC3=O)cc2)CC1,CHEMBL1287881,238.0,active
273,COc1ccc2c(c1)C(=O)N(C[C@@]1(C#Cc3ccc(-c4ncccc4O)cc3)NC(=O)NC1=O)C2,CHEMBL1288000,117.0,active
275,CCN1CCN(c2ccc(O)c(-c3ccc(C#C[C@]4(CN5Cc6ccc(OC)cc6C5=O)NC(=O)NC4=O)cc3)n2)CC1,CHEMBL3642508,72.4,active
276,COc1ccc2c(c1)C(=O)N(C[C@@]1(C#Cc3ccc(C(N=O)N4CCOCC4)cc3)NC(=O)NC1=O)C2,CHEMBL3642509,100.0,active
277,COc1ccc2c(c1)C(=O)N(C[C@@]1(C#Cc3ccc(C(N=O)N4CCCC4)cc3)NC(=O)NC1=O)C2,CHEMBL3642510,641.0,active
278,COc1ccc2c(c1)C(=O)N(C[C@@]1(C#Cc3ccc(C(N=O)N4CCN(C)CC4)cc3)NC(=O)NC1=O)C2,CHEMBL3642511,65.0,active
279,COc1ccc2c(c1)C(=O)N(C[C@@]1(C#Cc3ccc(C(N=O)N4CCC(=O)CC4)cc3)NC(=O)NC1=O)C2,CHEMBL3642512,86.0,active
280,COc1ccc2c(c1)C(=O)N(C[C@@]1(C#Cc3ccc(C(N=O)N4CCCCC4)cc3)NC(=O)NC1=O)C2,CHEMBL3642513,154.0,active
281,COc1ccc2c(c1)C(=O)N(C[C@@]1(C#Cc3ccc(C(N=O)N4CCN(C)CC4)s3)NC(=O)NC1=O)C2,CHEMBL3642514,220.0,active
282,COc1ccc2c(c1)C(=O)N(C[C@@]1(C#Cc3ccc(C(N=O)N4CCOCC4)s3)NC(=O)NC1=O)C2,CHEMBL3642515,571.0,active
283,COc1ccc2c(c1)C(=O)N(C[C@@]1(C#Cc3ccc(C(N=O)N4CCN(C)CC4)nc3)NC(=O)NC1=O)C2,CHEMBL3642516,87.0,active
284,CCN1CCN(C(N=O)c2ccc(C#C[C@]3(CN4Cc5ccc(OC)cc5C4=O)NC(=O)NC3=O)cn2)CC1,CHEMBL3642517,87.0,active
285,COc1ccc2c(c1)C(=O)N(C[C@@]1(C#Cc3ccc(-c4ccccc4O)cc3)NC(=O)NC1=O)C2,CHEMBL3640335,652.1,active
286,COc1ccc2c(c1)C(=O)N(C[C@@]1(C#Cc3ccc(C4(C)NC(=O)NC4=O)cc3C)NC(=O)NC1=O)C2,CHEMBL3642518,490.0,active
287,COc1ccc2c(c1)C(=O)N(C[C@@]1(C#Cc3ccc(C4(C)NC(=O)NC4=S)cc3)NC(=O)NC1=O)C2,CHEMBL3642519,398.0,active
288,COc1ccc2c(c1)C(=O)N(C[C@@]1(C#Cc3ccc([C@H]4CCC(=O)N4)cc3)NC(=O)NC1=O)C2,CHEMBL3642520,736.0,active
289,COc1ccc2c(c1)C(=O)N(C[C@@]1(C#Cc3ccc(C4(C(N)=O)CC4)cc3)NC(=O)NC1=O)C2,CHEMBL3642521,227.0,active
290,CNC(=O)C1(c2ccc(C#C[C@]3(CN4Cc5ccc(OC)cc5C4=O)NC(=O)NC3=O)cc2)CC1,CHEMBL3642522,443.0,active
291,COc1ccc2c(c1)C(=O)N(C[C@@]1(C#Cc3ccc(C(C)(C)C(N)=O)cc3)NC(=O)NC1=O)C2,CHEMBL3642523,517.0,active
294,C#C[C@]1(CN2Cc3ccc(OC)c(F)c3C2=O)NC(=O)NC1=O,CHEMBL3642526,841.0,active
295,COc1ccc2c(c1)C(=O)N(C[C@@]1(C#Cc3cccnc3-c3cn[nH]c3)NC(=O)NC1=O)C2,CHEMBL3642527,927.0,active
296,COc1ccc2c(c1F)C(=O)N(C[C@@]1(C#Cc3cccnc3)NC(=O)NC1=O)C2,CHEMBL3642528,134.0,active
300,COC(=O)C(c1ccc(C#C[C@]2(CN3Cc4ccc(OC)cc4C3=O)NC(=O)NC2=O)cc1)N1CCCNCC1,CHEMBL3642532,566.0,active
301,COc1ccc2c(c1)C(=O)N(C[C@@]1(C#Cc3ccc(C(C(N)=O)N4CCCNCC4)cc3)NC(=O)NC1=O)C2,CHEMBL3642533,302.0,active
302,COc1ccc2c(c1)C(=O)N(C[C@@]1(C#Cc3ccc(C(C(=O)O)N4CCCNCC4)cc3)NC(=O)NC1=O)C2,CHEMBL3642534,588.0,active
303,COc1ccc2c(c1F)C(=O)N(C[C@@]1(C#Cc3cccnc3C)NC(=O)NC1=O)C2,CHEMBL3642535,193.0,active
304,COc1ccc2c(c1F)C(=O)N(C[C@@]1(C#Cc3ccc(C)nc3)NC(=O)NC1=O)C2,CHEMBL3642536,396.0,active
305,COc1ccc2c(c1)C(=O)N(C[C@@]1(C#Cc3ccc(/N=C(\N)NC#N)cc3)NC(=O)NC1=O)C2,CHEMBL3642537,150.0,active
306,CCN1CCC(C(=O)OC)(c2ccc(C#C[C@]3(CN4Cc5ccc(OC)cc5C4=O)NC(=O)NC3=O)cc2)CC1,CHEMBL3642538,288.0,active
308,CCN1CCC(C(=O)O)(c2ccc(C#C[C@]3(CN4Cc5ccc(OC)cc5C4=O)NC(=O)NC3=O)cc2)CC1,CHEMBL3642540,239.8,active
309,CCC1(c2ccc(C#CC3(CN4Cc5ccc(OC)cc5C4=O)NC(=O)NC3=O)cc2)NC(=O)NC1=O,CHEMBL3642541,225.0,active
310,COc1ccc2c(c1)C(=O)N(C[C@@]1(C#Cc3ccc(C4(C)NC(=O)NC4=O)nc3)NC(=O)NC1=O)C2,CHEMBL3642542,544.0,active
312,COc1ccc2c(c1)C(=O)N(C[C@@]1(C#Cc3ccc(C4(C)NC(=O)NC4=O)c(F)c3)NC(=O)NC1=O)C2,CHEMBL3642544,243.0,active
313,COc1ccc2c(c1)C(=O)N(C[C@@]1(C#Cc3ccc(CC(N)=O)cc3)NC(=O)NC1=O)C2,CHEMBL1288211,139.0,active
314,COC(=O)Cc1ccc(C#C[C@]2(CN3Cc4ccc(OC)cc4C3=O)NC(=O)NC2=O)cc1,CHEMBL3642545,379.0,active
317,COc1ccc2c(c1)C(=O)N(C[C@@]1(C#Cc3cccnc3N3CCOCC3)NC(=O)NC1=O)C2,CHEMBL3642548,633.0,active
318,COc1ccc2c(c1)C(=O)N(C[C@@]1(C#Cc3ccc(NCCN(C)C)nc3)NC(=O)NC1=O)C2,CHEMBL3642549,419.0,active
321,COc1ccc2c(c1)C(=O)N(C[C@@]1(C#Cc3ccc(-c4cn[nH]c4)nc3)NC(=O)NC1=O)C2,CHEMBL3642552,372.0,active
322,COc1ccc2c(c1)C(=O)N(C[C@@]1(C#Cc3ccc(C(N=O)N4CCNC[C@@H]4C)cc3)NC(=O)NC1=O)C2,CHEMBL3642553,84.0,active
323,COc1ccc2c(c1)C(=O)N(C[C@@]1(C#Cc3ccc(C(N=O)N4[C@@H](C)CNC[C@H]4C)cc3)NC(=O)NC1=O)C2,CHEMBL3642554,327.0,active
325,COc1ccc2c(c1)C(=O)N(C[C@@]1(C#Cc3ccc(-c4cn[nH]c4N)cc3)NC(=O)NC1=O)C2,CHEMBL3642556,236.0,active
326,COc1ccc2c(c1)C(=O)N(CC1(C#Cc3ccc(/N=C(\NC#N)NC4CC4)cc3)NC(=O)NC1=O)C2,CHEMBL3642557,268.0,active
327,COc1ccc2c(c1)C(=O)N(CC1(C#Cc3cnc(N4CCC5(CC4)NC(=O)NC5=O)nc3N)NC(=O)NC1=O)C2,CHEMBL3642558,557.0,active
328,COc1ccc2c(c1)C(=O)N(C[C@@]1(C#Cc3ccc(N4CCC5(CC4)NC(=O)NC5=O)nc3)NC(=O)NC1=O)C2,CHEMBL3642559,347.7,active
329,COc1ccc2c(c1)C(=O)N(C[C@@]1(C#Cc3ccc4c(c3)CCCC43NC(=O)NC3=O)NC(=O)NC1=O)C2,CHEMBL3642560,137.0,active
330,COc1ccc2c(c1)C(=O)N(C[C@@]1(C#Cc3ccc4c(c3)CC[C@]43NC(=O)NC3=O)NC(=O)NC1=O)C2,CHEMBL3642561,186.0,active
331,COc1ccc2c(c1)C(=O)N(C[C@@]1(C#Cc3ccc4c(c3)CC[C@@]43NC(=O)NC3=O)NC(=O)NC1=O)C2,CHEMBL3642562,281.0,active
332,COc1ccc2c(c1)C(=O)N(C[C@@]1(C#Cc3ccc4c(c3)CCC43NC(=O)NC3=O)NC(=O)NC1=O)C2,CHEMBL3642563,151.0,active
333,CCN1CCN(C(N=O)c2ccc(C#C[C@]3(CN4CCc5cc(OC)ccc5C4=O)NC(=O)NC3=O)cc2)CC1,CHEMBL3642564,335.0,active
334,COc1ccc2c(c1)CCN(C[C@@]1(C#Cc3ccc(/C(=N/O)N4CCCN(C)CC4)cc3)NC(=O)NC1=O)C2=O,CHEMBL3642565,639.0,active
335,COc1ccc2c(c1)C(=O)N(C[C@@]1(C#Cc3cccnc3)NC(=O)NC1=O)CC2,CHEMBL3642566,10001.0,inactive
337,COC1C(COC(=O)CCC(=O)OC[C@H](NC(=O)OCC2c3ccccc3-c3ccccc32)C(=O)O)OC(O)[C@H](OCc2ccccc2)[C@H]1OCc1ccccc1,CHEMBL3971594,46000.0,inactive
339,CCCCCCCCCCCCCCO[C@@H]1[C@@H](OCCCCCCCCCCCCCC)[C@@H](OC)O[C@H](COC(=O)CCC(=O)OC[C@H](NC(=O)OCC2c3ccccc3-c3ccccc32)C(=O)O)[C@H]1OC,CHEMBL3983488,500.0,active
340,CCn1c(=O)c2cnc3c(OC)cccc3c2n(C2CCCC2)c1=O,CHEMBL3952484,180.0,active
341,CCn1c(=O)c2cnc3c(OC)cccc3c2n(-c2ccc(OC)c(OC)c2)c1=O,CHEMBL3977963,14200.0,inactive
342,COc1cccc2c1ncc1c(=O)n(C(C)C)c(=O)n(C3CCCC3)c12,CHEMBL3894945,270.0,active
343,COc1cccc2c1ncc1c(=O)n(-c3cccs3)c(=O)n(C3CCCC3)c12,CHEMBL3949836,410.0,active
344,CCCn1c(=O)n(CC)c(=O)c2cnc3c(OC)cccc3c21,CHEMBL3892871,680.0,active
345,CCCCn1c(=O)n(CC)c(=O)c2cnc3c(OC)cccc3c21,CHEMBL3969462,390.0,active
348,CCn1c(=O)c2cnc3c(OC)cc(F)cc3c2n(C2CCCC2)c1=O,CHEMBL3978166,920.0,active
351,CCn1c(=O)c2cnc3c(C(C)C)cccc3c2n(C2CCCC2)c1=O,CHEMBL3644497,20000.0,inactive
353,CCn1c(=O)c2cnc3c(OC)cccc3c2n(C(C)C)c1=O,CHEMBL3928313,20000.0,inactive
354,CCC(C)n1c(=O)c2cnc3c(OC)cccc3c2n(C2CCCC2)c1=O,CHEMBL3938310,450.0,active
356,CCn1c(=O)c2cnc3c(C)cccc3c2n(C2CCCC2)c1=O,CHEMBL3984643,500.0,active
357,CCn1c(=O)c2cnc3c(OC)cccc3c2n(C2CCC(C)CC2)c1=O,CHEMBL3944621,200.0,active
358,CCOC(=O)Cn1c(=O)c2cnc3c(OC)cccc3c2n(C2CCCC2)c1=O,CHEMBL3958223,1000.0,active
359,CCn1c(=O)c2cnc3c(OC)cccc3c2n(CCCF)c1=O,CHEMBL3936729,900.0,active
361,COc1cccc2c1ncc1c(=O)n(-c3cc(C)cs3)c(=O)n(C3CCCC3)c12,CHEMBL3644498,30.0,active
362,COc1cccc2c1ncc1c(=O)n(-c3cccc(C)c3)c(=O)n(C3CCCC3)c12,CHEMBL3644499,6.0,active
363,COc1cccc2c1ncc1c(=O)n(-c3ccc(C)cc3)c(=O)n(C3CCCC3)c12,CHEMBL3925334,163.0,active
364,COc1cccc2c1ncc1c(=O)n(-c3cccc(Cl)c3)c(=O)n(C3CCC(C)CC3)c12,CHEMBL3986436,4.0,active
365,COc1cccc2c1ncc1c(=O)n(-c3cccc(Cl)c3)c(=O)n(C3CCCC3)c12,CHEMBL3913144,9.0,active
366,CCc1cccc(-n2c(=O)c3cnc4c(OC)cccc4c3n(C3CCCC3)c2=O)c1,CHEMBL3932267,6.0,active
367,COc1cccc2c1ncc1c(=O)n(-c3cccc(C)c3)c(=O)n(C3CCC(C)CC3)c12,CHEMBL3958848,1.0,active
368,CCCCn1c(=O)n(-c2cccc(C)c2)c(=O)c2cnc3c(OC)cccc3c21,CHEMBL3972551,1.0,active
369,COc1cccc2c1ncc1c(=O)n(-c3ccc4c(c3)OCO4)c(=O)n(C3CCCC3)c12,CHEMBL3644500,2.0,active
370,COc1cccc2c1ncc1c(=O)n(-c3cccc(Cl)c3)c(=O)n(C3CCC(F)(F)CC3)c12,CHEMBL3921402,2.0,active
371,COc1cccc2c1ncc1c(=O)n(-c3cccc(Cl)c3)c(=O)n(C3CCN(C(=O)OC(C)(C)C)CC3)c12,CHEMBL3966151,1.0,active
372,COc1cccc2c1ncc1c(=O)n(-c3cccc(Cl)c3)c(=O)n(C3CCNCC3)c12,CHEMBL3947142,5.0,active
373,COc1cccc2c1ncc1c(=O)n(-c3cccc(Cl)c3)c(=O)n(C3CCN(C(C)=O)CC3)c12,CHEMBL3976439,2.0,active
374,COc1cccc2c1ncc1c(=O)n(-c3cccc(Cl)c3)c(=O)n(C3CCN(C(=O)c4ccccc4)CC3)c12,CHEMBL3931657,1.0,active
375,COc1cccc2c1ncc1c(=O)n(-c3cccc(Cl)c3)c(=O)n(C3CCN(S(C)(=O)=O)CC3)c12,CHEMBL3644501,2.4,active
376,COc1cccc2c1ncc1c(=O)n(-c3cccc(Cl)c3)c(=O)n(C3CCN(S(=O)(=O)C(C)C)CC3)c12,CHEMBL3955760,0.4,active
377,COc1cccc2c1ncc1c(=O)n(-c3cccc(Cl)c3)c(=O)n(C3CCN(S(=O)(=O)N(C)C)CC3)c12,CHEMBL3932863,0.4,active
378,COc1cccc2c1ncc1c(=O)n(-c3cccc(Cl)c3)c(=O)n(C3CCN(S(=O)(=O)c4ccccc4)CC3)c12,CHEMBL3960339,1.0,active
379,COc1cccc2c1ncc1c(=O)n(-c3cccc(Cl)c3)c(=O)n(C3CCN(S(=O)(=O)C4CCS(=O)(=O)C4)CC3)c12,CHEMBL3938364,0.4,active
380,CCNC(=O)N1CCC(n2c(=O)n(-c3cccc(Cl)c3)c(=O)c3cnc4c(OC)cccc4c32)CC1,CHEMBL3971431,0.6,active
381,COc1cccc2c1ncc1c(=O)n(-c3cccc(Cl)c3)c(=O)n(C3CCN(C(=O)NC(C)C)CC3)c12,CHEMBL3954709,0.3,active
382,COc1cccc2c1ncc1c(=O)n(-c3ccccc3Cl)c(=O)n(C3CCC(C)CC3)c12,CHEMBL3962756,20.0,active
383,COc1cccc2c1ncc1c(=O)n(-c3ccc(Cl)cc3)c(=O)n(C3CCC(C)CC3)c12,CHEMBL3911773,0.9,active
384,COc1cccc2c1ncc1c(=O)n(-c3cccc(Cl)c3)c(=O)n(C3CCC(C(=O)O)CC3)c12,CHEMBL3938524,1.0,active
385,COc1cccc2c1ncc1c(=O)n(-c3cccc(Cl)c3)c(=O)n(C3CCCCC3)c12,CHEMBL3948031,4.0,active
386,COc1cccc2c1ncc1c(=O)n(-c3ccc4c(c3)OCO4)c(=O)n(C3CCN(C(=O)OC(C)(C)C)CC3)c12,CHEMBL3962096,1.0,active
387,COc1cccc2c1ncc1c(=O)n(-c3ccc4c(c3)OCO4)c(=O)n(C3CCNCC3)c12,CHEMBL3917179,450.0,active
388,COc1cccc2c1ncc1c(=O)n(-c3ccc4c(c3)OCO4)c(=O)n(C3CCN(S(C)(=O)=O)CC3)c12,CHEMBL3986932,8.0,active
389,COc1cccc2c1ncc1c(=O)n(-c3cccc(C#N)c3)c(=O)n(C3CCCC3)c12,CHEMBL3964458,123.0,active
390,COc1cccc2c1ncc1c(=O)n(-c3cccc(SC)c3)c(=O)n(C3CCCC3)c12,CHEMBL3982748,74.0,active
391,COc1cccc2c1ncc1c(=O)n(-c3cccc(S(C)(=O)=O)c3)c(=O)n(C3CCCC3)c12,CHEMBL3953457,280.0,active
392,COc1cccc2c1ncc1c(=O)n(-c3cccc(Cl)c3)c(=O)n([C@@H]3CCN(C(=O)OC(C)(C)C)C3)c12,CHEMBL4108792,0.3,active
393,COc1cccc2c1ncc1c(=O)n(-c3cccc(Cl)c3)c(=O)n([C@@H]3CCNC3)c12,CHEMBL4110900,31.0,active
394,COc1cccc2c1ncc1c(=O)n(-c3cccc(Cl)c3)c(=O)n([C@@H]3CCN(S(C)(=O)=O)C3)c12,CHEMBL3644503,29.0,active
395,COc1cccc2c1ncc1c(=O)n(-c3cccc(Cl)c3)c(=O)n([C@H]3CCN(C(=O)OC(C)(C)C)C3)c12,CHEMBL3903807,2.0,active
396,COc1cccc2c1ncc1c(=O)n(-c3cccc(Cl)c3)c(=O)n([C@H]3CCNC3)c12,CHEMBL3966213,1000.0,active
397,COc1cccc2c1ncc1c(=O)n(-c3cccc(Cl)c3)c(=O)n([C@H]3CCN(S(C)(=O)=O)C3)c12,CHEMBL3644504,29.0,active
398,COc1cccc2c1ncc1c(=O)n(-c3ccc4c(c3)OCCO4)c(=O)n(C3CCCC3)c12,CHEMBL3958464,240.0,active
399,COC(=O)N1CCC(n2c(=O)n(-c3cccc(Cl)c3)c(=O)c3cnc4c(OC)cccc4c32)CC1,CHEMBL3952042,50000.0,inactive
400,COc1cccc2c1ncc1c(=O)n(-c3cccc(Cl)c3)c(=O)n(CC3CCN(S(C)(=O)=O)CC3)c12,CHEMBL3986640,2.0,active
401,COc1cccc2c1ncc1c(=O)n(-c3cccc(Cl)c3)c(=O)n(C3CCC(NS(C)(=O)=O)CC3)c12,CHEMBL3945875,6.0,active
406,COc1c(O)cc2c(c1O)[C@@H]1O[C@H](CO)[C@@H](O)[C@H](O)[C@H]1OC2=O,CHEMBL273019,12500.0,inactive
414,Nc1ccc(O)c(C(=O)O)c1,CHEMBL704,20600000.0,inactive
415,CS(=O)(=O)c1ccc(-c2ccc3ncc(S(=O)(=O)N4CCN(Cc5ccccc5)CC4)n3n2)cc1,CHEMBL4216431,12000.0,inactive
416,O=S(=O)(c1cnc2ccc(-c3cccnc3)nn12)N1CCN(c2ccccn2)CC1,CHEMBL4204753,11000.0,inactive
417,O=S(=O)(c1cnc2ccc(-c3cncc(F)c3)nn12)N1CCN(c2ccccn2)CC1,CHEMBL4204234,28000.0,inactive
418,O=S(=O)(c1cnc2ccc(-c3cncc(C(F)(F)F)c3)nn12)N1CCN(c2ccccn2)CC1,CHEMBL4209097,11000.0,inactive
419,Nc1ncc(-c2ccc3ncc(S(=O)(=O)N4CCN(c5ccccn5)CC4)n3n2)cc1C(F)(F)F,CHEMBL4211883,11000.0,inactive
420,COc1ccc(-c2ccc3ncc(S(=O)(=O)N4CCN(c5ccccn5)CC4)n3n2)cn1,CHEMBL4214427,30000.0,inactive
421,CS(=O)(=O)c1ccc(-c2ccc3ncc(S(=O)(=O)N4CCN(c5ccccn5)CC4)n3n2)cc1,CHEMBL4216524,12000.0,inactive
423,N#CC1(c2ccccc2)CCN(S(=O)(=O)c2cnc3ccc(-c4cncc(F)c4)nn23)CC1,CHEMBL4205907,30000.0,inactive
424,N#CC1(c2ccccc2)CCN(S(=O)(=O)c2cnc3ccc(-c4cncc(C(F)(F)F)c4)nn23)CC1,CHEMBL4211594,20000.0,inactive
426,COc1ccc(-c2ccc3ncc(S(=O)(=O)N4CCC(C#N)(c5ccccc5)CC4)n3n2)cc1OC,CHEMBL4215614,500.0,active
427,COc1cccc(CNS(=O)(=O)c2cnc3ccc(-c4cccnc4)nn23)c1,CHEMBL4214663,300.0,active
429,COc1cccc(CNS(=O)(=O)c2cnc3ccc(-c4cncc(C(F)(F)F)c4)nn23)c1,CHEMBL4204585,30000.0,inactive
430,COc1cccc(CNS(=O)(=O)c2cnc3ccc(-c4cnc(N)c(C(F)(F)F)c4)nn23)c1,CHEMBL4215621,30000.0,inactive
431,COc1cccc(CNS(=O)(=O)c2cnc3ccc(-c4ccc(OC)nc4)nn23)c1,CHEMBL4204718,30000.0,inactive
432,COc1cccc(CNS(=O)(=O)c2cnc3ccc(-c4ccc(S(C)(=O)=O)cc4)nn23)c1,CHEMBL4208400,28000.0,inactive
435,O=S(=O)(NCC1CCCO1)c1cnc2ccc(-c3cncc(C(F)(F)F)c3)nn12,CHEMBL4204426,30000.0,inactive
438,CS(=O)(=O)c1ccc(-c2ccc3ncc(S(=O)(=O)NCC4CCCO4)n3n2)cc1,CHEMBL4204400,30000.0,inactive
439,COc1ccc(C2CNC(=O)C2)cc1OC1CCCC1,CHEMBL63,500.0,active
440,O=S(=O)(c1cnc2ccc(-c3cncc(F)c3)nn12)N1CCN(Cc2ccccc2)CC1,CHEMBL4217894,30000.0,inactive
441,O=S(=O)(c1cnc2ccc(-c3cccnc3)nn12)N1CCN(Cc2ccccc2)CC1,CHEMBL4212953,18000.0,inactive
442,CCN1CCN(S(=O)(=O)c2cnc3ccc(-c4ccc(S(C)(=O)=O)cc4)nn23)CC1,CHEMBL4213498,15000.0,inactive
443,CCN1CCN(S(=O)(=O)c2cnc3ccc(-c4ccc(OC)cc4)nn23)CC1,CHEMBL4208563,20000.0,inactive
444,CCN1CCN(S(=O)(=O)c2cnc3ccc(-c4ccc(OC)nc4)nn23)CC1,CHEMBL4208862,20000.0,inactive
446,CCN1CCN(S(=O)(=O)c2cnc3ccc(-c4cncc(F)c4)nn23)CC1,CHEMBL4212270,30000.0,inactive
447,CCN1CCN(S(=O)(=O)c2cnc3ccc(-c4cccnc4)nn23)CC1,CHEMBL4217242,15000.0,inactive
449,COc1cccc(CNS(=O)(=O)c2cnc3ccc(Cl)nn23)c1,CHEMBL4218009,30000.0,inactive
450,N#CC1(c2ccccc2)CCN(S(=O)(=O)c2cnc3ccc(Cl)nn23)CC1,CHEMBL4203548,25000.0,inactive
451,O=S(=O)(c1cnc2ccc(Cl)nn12)N1CCN(Cc2ccccc2)CC1,CHEMBL4207994,30000.0,inactive
452,O=S(=O)(c1cnc2ccc(Cl)nn12)N1CCN(c2ccccc2)CC1,CHEMBL4207908,30000.0,inactive
453,O=S(=O)(c1cnc2ccc(Cl)nn12)N1CCN(c2ccccn2)CC1,CHEMBL4212813,30000.0,inactive
454,CCN1CCN(S(=O)(=O)c2cnc3ccc(Cl)nn23)CC1,CHEMBL4217876,30000.0,inactive
455,O=S(=O)(NCC1CCCO1)c1cnc2ccc(Cl)nn12,CHEMBL4212933,30000.0,inactive
456,NS(=O)(=O)c1cnc2ccc(Cl)nn12,CHEMBL4206575,28000.0,inactive
457,Cc1cc2occ(CN(C)CCN(C)Cc3cn(-c4cccc(C(F)(F)F)c4)c4ccccc34)c(=O)c2cc1C,CHEMBL255489,22000.0,inactive
458,COc1ccc(C2CNC(=O)C2)cc1OC1CCCC1,CHEMBL63,200.0,active
459,Cc1nc(Nc2nnc(-c3ccccc3)s2)c(C)c(C)c1O,CHEMBL4284433,290.0,active
460,Nc1ccc(O)c(C(=O)O)c1,CHEMBL704,20000.0,inactive
461,Cc1nc(Nc2cnc3ccccc3c2)c(C)c(C)c1O,CHEMBL4280147,540.0,active
462,Cc1nc(Nc2ccc(Cl)nc2)c(C)c(C)c1O,CHEMBL4277438,360.0,active
