,canonical_smiles,molecule_chembl_id,standard_value,bioactivity_class,pIC50
0,O=C1Nc2ccc(S(=O)(=O)Nc3ccc(O)c(Cl)c3)c3cccc1c23,CHEMBL3326305,42300.0,inactive,4.373659632624958
1,O=C1Nc2ccc(S(=O)(=O)Nc3ccc(O)c(Cl)c3)c3cccc1c23,CHEMBL3326305,42300.0,inactive,4.34008379993015
2,O=C1Nc2ccc(S(=O)(=O)Nc3ccc(O)c(Cl)c3)c3cccc1c23,CHEMBL3326305,45700.0,inactive,4.373659632624958
3,O=C1Nc2ccc(S(=O)(=O)Nc3ccc(O)c(Cl)c3)c3cccc1c23,CHEMBL3326305,45700.0,inactive,4.34008379993015
4,O=C1Sc2c(S(=O)(=O)Nc3ccc(O)cc3)cc(S(=O)(=O)Nc3ccc(O)cc3)c3cccc1c23,CHEMBL3326315,14000.0,inactive,4.853871964321762
5,O=C1Sc2c(S(=O)(=O)Nc3ccc(O)cc3)cc(S(=O)(=O)Nc3ccc(O)cc3)c3cccc1c23,CHEMBL3326315,14000.0,inactive,4.5968794788241825
6,O=C1Sc2c(S(=O)(=O)Nc3ccc(O)cc3)cc(S(=O)(=O)Nc3ccc(O)cc3)c3cccc1c23,CHEMBL3326315,25300.0,inactive,4.853871964321762
7,O=C1Sc2c(S(=O)(=O)Nc3ccc(O)cc3)cc(S(=O)(=O)Nc3ccc(O)cc3)c3cccc1c23,CHEMBL3326315,25300.0,inactive,4.5968794788241825
8,O=S(=O)(Nc1cc(Cl)c(O)c(Cl)c1)c1ccc2ccccc2c1,CHEMBL3356478,100000.0,inactive,4.0
9,O=S(=O)(Nc1ccc(O)c(Cl)c1)c1ccc(F)cc1,CHEMBL3314616,100000.0,inactive,4.0
10,Cc1cc2occ(CN(C)CCN(C)Cc3cn(-c4cccc(C(F)(F)F)c4)c4ccccc34)c(=O)c2cc1C.Cl,CHEMBL3326318,20300.0,inactive,4.692503962086787
11,Cc1cc2occ(CN(C)CCN(C)Cc3cn(-c4cccc(C(F)(F)F)c4)c4ccccc34)c(=O)c2cc1C,CHEMBL255489,5000.0,intermediate,5.301029995663981
12,Cc1cc2occ(CN(C)CCN(C)Cc3cn(-c4cccc(C(F)(F)F)c4)c4ccccc34)c(=O)c2cc1C,CHEMBL255489,5000.0,intermediate,5.301029995663981
13,Cc1cc2occ(CN(C)CCN(C)Cc3cn(-c4cccc(C(F)(F)F)c4)c4ccccc34)c(=O)c2cc1C,CHEMBL255489,5000.0,intermediate,4.823908740944319
14,Cc1cc2occ(CN(C)CCN(C)Cc3cn(-c4cccc(C(F)(F)F)c4)c4ccccc34)c(=O)c2cc1C,CHEMBL255489,5000.0,intermediate,5.920818753952375
15,Cc1cc2occ(CN(C)CCN(C)Cc3cn(-c4cccc(C(F)(F)F)c4)c4ccccc34)c(=O)c2cc1C,CHEMBL255489,5000.0,intermediate,5.886056647693163
16,Cc1cc2occ(CN(C)CCN(C)Cc3cn(-c4cccc(C(F)(F)F)c4)c4ccccc34)c(=O)c2cc1C,CHEMBL255489,5000.0,intermediate,4.657577319177793
17,Cc1cc2occ(CN(C)CCN(C)Cc3cn(-c4cccc(C(F)(F)F)c4)c4ccccc34)c(=O)c2cc1C,CHEMBL255489,5000.0,intermediate,5.301029995663981
18,Cc1cc2occ(CN(C)CCN(C)Cc3cn(-c4cccc(C(F)(F)F)c4)c4ccccc34)c(=O)c2cc1C,CHEMBL255489,5000.0,intermediate,5.301029995663981
19,Cc1cc2occ(CN(C)CCN(C)Cc3cn(-c4cccc(C(F)(F)F)c4)c4ccccc34)c(=O)c2cc1C,CHEMBL255489,5000.0,intermediate,4.823908740944319
20,Cc1cc2occ(CN(C)CCN(C)Cc3cn(-c4cccc(C(F)(F)F)c4)c4ccccc34)c(=O)c2cc1C,CHEMBL255489,5000.0,intermediate,5.920818753952375
21,Cc1cc2occ(CN(C)CCN(C)Cc3cn(-c4cccc(C(F)(F)F)c4)c4ccccc34)c(=O)c2cc1C,CHEMBL255489,5000.0,intermediate,5.886056647693163
22,Cc1cc2occ(CN(C)CCN(C)Cc3cn(-c4cccc(C(F)(F)F)c4)c4ccccc34)c(=O)c2cc1C,CHEMBL255489,5000.0,intermediate,4.657577319177793
23,Cc1cc2occ(CN(C)CCN(C)Cc3cn(-c4cccc(C(F)(F)F)c4)c4ccccc34)c(=O)c2cc1C,CHEMBL255489,15000.0,inactive,5.301029995663981
24,Cc1cc2occ(CN(C)CCN(C)Cc3cn(-c4cccc(C(F)(F)F)c4)c4ccccc34)c(=O)c2cc1C,CHEMBL255489,15000.0,inactive,5.301029995663981
25,Cc1cc2occ(CN(C)CCN(C)Cc3cn(-c4cccc(C(F)(F)F)c4)c4ccccc34)c(=O)c2cc1C,CHEMBL255489,15000.0,inactive,4.823908740944319
26,Cc1cc2occ(CN(C)CCN(C)Cc3cn(-c4cccc(C(F)(F)F)c4)c4ccccc34)c(=O)c2cc1C,CHEMBL255489,15000.0,inactive,5.920818753952375
27,Cc1cc2occ(CN(C)CCN(C)Cc3cn(-c4cccc(C(F)(F)F)c4)c4ccccc34)c(=O)c2cc1C,CHEMBL255489,15000.0,inactive,5.886056647693163
28,Cc1cc2occ(CN(C)CCN(C)Cc3cn(-c4cccc(C(F)(F)F)c4)c4ccccc34)c(=O)c2cc1C,CHEMBL255489,15000.0,inactive,4.657577319177793
29,Cc1cc2occ(CN(C)CCN(C)Cc3cn(-c4cccc(C(F)(F)F)c4)c4ccccc34)c(=O)c2cc1C,CHEMBL255489,1200.0,intermediate,5.301029995663981
30,Cc1cc2occ(CN(C)CCN(C)Cc3cn(-c4cccc(C(F)(F)F)c4)c4ccccc34)c(=O)c2cc1C,CHEMBL255489,1200.0,intermediate,5.301029995663981
31,Cc1cc2occ(CN(C)CCN(C)Cc3cn(-c4cccc(C(F)(F)F)c4)c4ccccc34)c(=O)c2cc1C,CHEMBL255489,1200.0,intermediate,4.823908740944319
32,Cc1cc2occ(CN(C)CCN(C)Cc3cn(-c4cccc(C(F)(F)F)c4)c4ccccc34)c(=O)c2cc1C,CHEMBL255489,1200.0,intermediate,5.920818753952375
33,Cc1cc2occ(CN(C)CCN(C)Cc3cn(-c4cccc(C(F)(F)F)c4)c4ccccc34)c(=O)c2cc1C,CHEMBL255489,1200.0,intermediate,5.886056647693163
34,Cc1cc2occ(CN(C)CCN(C)Cc3cn(-c4cccc(C(F)(F)F)c4)c4ccccc34)c(=O)c2cc1C,CHEMBL255489,1200.0,intermediate,4.657577319177793
35,Cc1cc2occ(CN(C)CCN(C)Cc3cn(-c4cccc(C(F)(F)F)c4)c4ccccc34)c(=O)c2cc1C,CHEMBL255489,1300.0,intermediate,5.301029995663981
36,Cc1cc2occ(CN(C)CCN(C)Cc3cn(-c4cccc(C(F)(F)F)c4)c4ccccc34)c(=O)c2cc1C,CHEMBL255489,1300.0,intermediate,5.301029995663981
37,Cc1cc2occ(CN(C)CCN(C)Cc3cn(-c4cccc(C(F)(F)F)c4)c4ccccc34)c(=O)c2cc1C,CHEMBL255489,1300.0,intermediate,4.823908740944319
38,Cc1cc2occ(CN(C)CCN(C)Cc3cn(-c4cccc(C(F)(F)F)c4)c4ccccc34)c(=O)c2cc1C,CHEMBL255489,1300.0,intermediate,5.920818753952375
39,Cc1cc2occ(CN(C)CCN(C)Cc3cn(-c4cccc(C(F)(F)F)c4)c4ccccc34)c(=O)c2cc1C,CHEMBL255489,1300.0,intermediate,5.886056647693163
40,Cc1cc2occ(CN(C)CCN(C)Cc3cn(-c4cccc(C(F)(F)F)c4)c4ccccc34)c(=O)c2cc1C,CHEMBL255489,1300.0,intermediate,4.657577319177793
41,Cc1cc2occ(CN(C)CCN(C)Cc3cn(-c4cccc(C(F)(F)F)c4)c4ccccc34)c(=O)c2cc1C,CHEMBL255489,22000.0,inactive,5.301029995663981
42,Cc1cc2occ(CN(C)CCN(C)Cc3cn(-c4cccc(C(F)(F)F)c4)c4ccccc34)c(=O)c2cc1C,CHEMBL255489,22000.0,inactive,5.301029995663981
43,Cc1cc2occ(CN(C)CCN(C)Cc3cn(-c4cccc(C(F)(F)F)c4)c4ccccc34)c(=O)c2cc1C,CHEMBL255489,22000.0,inactive,4.823908740944319
44,Cc1cc2occ(CN(C)CCN(C)Cc3cn(-c4cccc(C(F)(F)F)c4)c4ccccc34)c(=O)c2cc1C,CHEMBL255489,22000.0,inactive,5.920818753952375
45,Cc1cc2occ(CN(C)CCN(C)Cc3cn(-c4cccc(C(F)(F)F)c4)c4ccccc34)c(=O)c2cc1C,CHEMBL255489,22000.0,inactive,5.886056647693163
46,Cc1cc2occ(CN(C)CCN(C)Cc3cn(-c4cccc(C(F)(F)F)c4)c4ccccc34)c(=O)c2cc1C,CHEMBL255489,22000.0,inactive,4.657577319177793
47,Cc1cc2occ(CN3CCN(Cc4cn(-c5cccc(C(F)(F)F)c5)c5ccccc45)CC3)c(=O)c2cc1C,CHEMBL3741761,10000.0,inactive,5.0
48,Cc1cc2occ(CN3CCN(Cc4cn(-c5cccc(C(F)(F)F)c5)c5ccccc45)CC3)c(=O)c2cc1C,CHEMBL3741761,10000.0,inactive,4.823908740944319
49,Cc1cc2occ(CN3CCN(Cc4cn(-c5cccc(C(F)(F)F)c5)c5ccccc45)CC3)c(=O)c2cc1C,CHEMBL3741761,15000.0,inactive,5.0
50,Cc1cc2occ(CN3CCN(Cc4cn(-c5cccc(C(F)(F)F)c5)c5ccccc45)CC3)c(=O)c2cc1C,CHEMBL3741761,15000.0,inactive,4.823908740944319
51,Cc1ccc2occ(CN(C)CCN(C)Cc3cn(-c4cccc(C(F)(F)F)c4)c4ccccc34)c(=O)c2c1,CHEMBL3739952,30000.0,inactive,4.522878745280337
52,Cc1ccc2occ(CN(C)CCN(C)Cc3cn(-c4cccc(C(F)(F)F)c4)c4ccccc34)c(=O)c2c1,CHEMBL3739952,30000.0,inactive,5.0
53,Cc1ccc2occ(CN(C)CCN(C)Cc3cn(-c4cccc(C(F)(F)F)c4)c4ccccc34)c(=O)c2c1,CHEMBL3739952,10000.0,inactive,4.522878745280337
54,Cc1ccc2occ(CN(C)CCN(C)Cc3cn(-c4cccc(C(F)(F)F)c4)c4ccccc34)c(=O)c2c1,CHEMBL3739952,10000.0,inactive,5.0
55,Cc1ccc2occ(CN3CCN(Cc4cn(-c5cccc(C(F)(F)F)c5)c5ccccc45)CC3)c(=O)c2c1,CHEMBL3741215,30000.0,inactive,4.522878745280337
56,Cc1ccc2occ(CN3CCN(Cc4cn(-c5cccc(C(F)(F)F)c5)c5ccccc45)CC3)c(=O)c2c1,CHEMBL3741215,30000.0,inactive,4.823908740944319
57,Cc1ccc2occ(CN3CCN(Cc4cn(-c5cccc(C(F)(F)F)c5)c5ccccc45)CC3)c(=O)c2c1,CHEMBL3741215,15000.0,inactive,4.522878745280337
58,Cc1ccc2occ(CN3CCN(Cc4cn(-c5cccc(C(F)(F)F)c5)c5ccccc45)CC3)c(=O)c2c1,CHEMBL3741215,15000.0,inactive,4.823908740944319
59,Cc1cc2occ(C(=O)N(C)CCN(C)C(=O)c3cn(-c4cccc(C(F)(F)F)c4)c4ccccc34)c(=O)c2cc1C,CHEMBL3742137,20000.0,inactive,4.698970004336019
60,Cc1cc2occ(C(=O)N(C)CCN(C)C(=O)c3cn(-c4cccc(C(F)(F)F)c4)c4ccccc34)c(=O)c2cc1C,CHEMBL3742137,20000.0,inactive,4.221848749616356
61,Cc1cc2occ(C(=O)N(C)CCN(C)C(=O)c3cn(-c4cccc(C(F)(F)F)c4)c4ccccc34)c(=O)c2cc1C,CHEMBL3742137,60000.0,inactive,4.698970004336019
62,Cc1cc2occ(C(=O)N(C)CCN(C)C(=O)c3cn(-c4cccc(C(F)(F)F)c4)c4ccccc34)c(=O)c2cc1C,CHEMBL3742137,60000.0,inactive,4.221848749616356
63,Nc1cccc(-n2cc(C(=O)N3CCN(C(=O)c4coc5ccccc5c4=O)CC3)c3ccccc32)c1,CHEMBL3740948,10000.0,inactive,5.0
64,Nc1cccc(-n2cc(C(=O)N3CCN(C(=O)c4coc5ccccc5c4=O)CC3)c3ccccc32)c1,CHEMBL3740948,10000.0,inactive,4.698970004336019
65,Nc1cccc(-n2cc(C(=O)N3CCN(C(=O)c4coc5ccccc5c4=O)CC3)c3ccccc32)c1,CHEMBL3740948,20000.0,inactive,5.0
66,Nc1cccc(-n2cc(C(=O)N3CCN(C(=O)c4coc5ccccc5c4=O)CC3)c3ccccc32)c1,CHEMBL3740948,20000.0,inactive,4.698970004336019
67,CN(CCN(C)C(=O)c1cn(S(=O)(=O)c2ccccc2)c2ccccc12)C(=O)c1coc2ccccc2c1=O,CHEMBL3741720,60000.0,inactive,4.221848749616356
68,CN(CCN(C)C(=O)c1cn(S(=O)(=O)c2ccccc2)c2ccccc12)C(=O)c1coc2ccccc2c1=O,CHEMBL3741720,60000.0,inactive,4.221848749616356
69,CN(CCN(C)C(=O)c1cn(S(=O)(=O)c2ccccc2)c2ccccc12)C(=O)c1coc2ccccc2c1=O,CHEMBL3741720,60000.0,inactive,4.221848749616356
70,CN(CCN(C)C(=O)c1cn(S(=O)(=O)c2ccccc2)c2ccccc12)C(=O)c1coc2ccccc2c1=O,CHEMBL3741720,60000.0,inactive,4.221848749616356
71,O=C(c1coc2ccccc2c1=O)N1CCN(C(=O)c2cn(S(=O)(=O)c3ccccc3)c3ccccc23)CC1,CHEMBL3740702,15000.0,inactive,4.823908740944319
72,O=C(c1coc2ccccc2c1=O)N1CCN(C(=O)c2cn(S(=O)(=O)c3ccccc3)c3ccccc23)CC1,CHEMBL3740702,15000.0,inactive,4.3979400086720375
73,O=C(c1coc2ccccc2c1=O)N1CCN(C(=O)c2cn(S(=O)(=O)c3ccccc3)c3ccccc23)CC1,CHEMBL3740702,40000.0,inactive,4.823908740944319
74,O=C(c1coc2ccccc2c1=O)N1CCN(C(=O)c2cn(S(=O)(=O)c3ccccc3)c3ccccc23)CC1,CHEMBL3740702,40000.0,inactive,4.3979400086720375
75,CN(CCN(C)C(=O)c1cn(S(=O)(=O)c2cccc([N+](=O)[O-])c2)c2ccccc12)C(=O)c1coc2ccccc2c1=O,CHEMBL3741275,20000.0,inactive,4.698970004336019
76,CN(CCN(C)C(=O)c1cn(S(=O)(=O)c2cccc([N+](=O)[O-])c2)c2ccccc12)C(=O)c1coc2ccccc2c1=O,CHEMBL3741275,20000.0,inactive,4.3979400086720375
77,CN(CCN(C)C(=O)c1cn(S(=O)(=O)c2cccc([N+](=O)[O-])c2)c2ccccc12)C(=O)c1coc2ccccc2c1=O,CHEMBL3741275,40000.0,inactive,4.698970004336019
78,CN(CCN(C)C(=O)c1cn(S(=O)(=O)c2cccc([N+](=O)[O-])c2)c2ccccc12)C(=O)c1coc2ccccc2c1=O,CHEMBL3741275,40000.0,inactive,4.3979400086720375
79,O=C(c1coc2ccccc2c1=O)N1CCN(C(=O)c2cn(S(=O)(=O)c3cccc([N+](=O)[O-])c3)c3ccccc23)CC1,CHEMBL3741940,20000.0,inactive,4.698970004336019
80,O=C(c1coc2ccccc2c1=O)N1CCN(C(=O)c2cn(S(=O)(=O)c3cccc([N+](=O)[O-])c3)c3ccccc23)CC1,CHEMBL3741940,20000.0,inactive,4.3979400086720375
81,O=C(c1coc2ccccc2c1=O)N1CCN(C(=O)c2cn(S(=O)(=O)c3cccc([N+](=O)[O-])c3)c3ccccc23)CC1,CHEMBL3741940,40000.0,inactive,4.698970004336019
82,O=C(c1coc2ccccc2c1=O)N1CCN(C(=O)c2cn(S(=O)(=O)c3cccc([N+](=O)[O-])c3)c3ccccc23)CC1,CHEMBL3741940,40000.0,inactive,4.3979400086720375
83,CN(CCN(C)C(=O)c1cn(S(=O)(=O)c2cccc(N)c2)c2ccccc12)C(=O)c1coc2ccccc2c1=O,CHEMBL3740051,25000.0,inactive,4.6020599913279625
84,CN(CCN(C)C(=O)c1cn(S(=O)(=O)c2cccc(N)c2)c2ccccc12)C(=O)c1coc2ccccc2c1=O,CHEMBL3740051,25000.0,inactive,4.698970004336019
85,CN(CCN(C)C(=O)c1cn(S(=O)(=O)c2cccc(N)c2)c2ccccc12)C(=O)c1coc2ccccc2c1=O,CHEMBL3740051,20000.0,inactive,4.6020599913279625
86,CN(CCN(C)C(=O)c1cn(S(=O)(=O)c2cccc(N)c2)c2ccccc12)C(=O)c1coc2ccccc2c1=O,CHEMBL3740051,20000.0,inactive,4.698970004336019
87,Nc1cccc(S(=O)(=O)n2cc(C(=O)N3CCN(C(=O)c4coc5ccccc5c4=O)CC3)c3ccccc32)c1,CHEMBL3740334,20000.0,inactive,4.698970004336019
88,Nc1cccc(S(=O)(=O)n2cc(C(=O)N3CCN(C(=O)c4coc5ccccc5c4=O)CC3)c3ccccc32)c1,CHEMBL3740334,20000.0,inactive,4.3979400086720375
89,Nc1cccc(S(=O)(=O)n2cc(C(=O)N3CCN(C(=O)c4coc5ccccc5c4=O)CC3)c3ccccc32)c1,CHEMBL3740334,40000.0,inactive,4.698970004336019
90,Nc1cccc(S(=O)(=O)n2cc(C(=O)N3CCN(C(=O)c4coc5ccccc5c4=O)CC3)c3ccccc32)c1,CHEMBL3740334,40000.0,inactive,4.3979400086720375
91,Nc1cccc(-n2cc(C(=O)N3CCN(C(=O)c4coc5ccccc5c4=O)CC3)c3cc(N)ccc32)c1,CHEMBL3741278,40000.0,inactive,4.3979400086720375
92,Nc1cccc(-n2cc(C(=O)N3CCN(C(=O)c4coc5ccccc5c4=O)CC3)c3cc(N)ccc32)c1,CHEMBL3741278,40000.0,inactive,4.3979400086720375
93,Nc1cccc(-n2cc(C(=O)N3CCN(C(=O)c4coc5ccccc5c4=O)CC3)c3cc(N)ccc32)c1,CHEMBL3741278,40000.0,inactive,4.3979400086720375
94,Nc1cccc(-n2cc(C(=O)N3CCN(C(=O)c4coc5ccccc5c4=O)CC3)c3cc(N)ccc32)c1,CHEMBL3741278,40000.0,inactive,4.3979400086720375
95,O=C(c1coc2ccccc2c1=O)N1CCN(C(=O)c2cn(-c3cccc([N+](=O)[O-])c3)c3ccc([N+](=O)[O-])cc23)CC1,CHEMBL3740080,15000.0,inactive,4.823908740944319
96,O=C(c1coc2ccccc2c1=O)N1CCN(C(=O)c2cn(-c3cccc([N+](=O)[O-])c3)c3ccc([N+](=O)[O-])cc23)CC1,CHEMBL3740080,15000.0,inactive,4.698970004336019
97,O=C(c1coc2ccccc2c1=O)N1CCN(C(=O)c2cn(-c3cccc([N+](=O)[O-])c3)c3ccc([N+](=O)[O-])cc23)CC1,CHEMBL3740080,20000.0,inactive,4.823908740944319
98,O=C(c1coc2ccccc2c1=O)N1CCN(C(=O)c2cn(-c3cccc([N+](=O)[O-])c3)c3ccc([N+](=O)[O-])cc23)CC1,CHEMBL3740080,20000.0,inactive,4.698970004336019
99,O=C(c1coc2ccccc2c1=O)N1CCN(Cc2cn(-c3cccc(C(F)(F)F)c3)c3ccccc23)CC1,CHEMBL3741883,10000.0,inactive,5.0
100,O=C(c1coc2ccccc2c1=O)N1CCN(Cc2cn(-c3cccc(C(F)(F)F)c3)c3ccccc23)CC1,CHEMBL3741883,10000.0,inactive,4.698970004336019
101,O=C(c1coc2ccccc2c1=O)N1CCN(Cc2cn(-c3cccc(C(F)(F)F)c3)c3ccccc23)CC1,CHEMBL3741883,20000.0,inactive,5.0
102,O=C(c1coc2ccccc2c1=O)N1CCN(Cc2cn(-c3cccc(C(F)(F)F)c3)c3ccccc23)CC1,CHEMBL3741883,20000.0,inactive,4.698970004336019
103,O=C(c1ccc2ccccc2c1)N1CCN(Cc2cn(-c3cccc(C(F)(F)F)c3)c3ccccc23)CC1,CHEMBL3741926,20000.0,inactive,4.698970004336019
104,O=C(c1ccc2ccccc2c1)N1CCN(Cc2cn(-c3cccc(C(F)(F)F)c3)c3ccccc23)CC1,CHEMBL3741926,20000.0,inactive,4.3979400086720375
105,O=C(c1ccc2ccccc2c1)N1CCN(Cc2cn(-c3cccc(C(F)(F)F)c3)c3ccccc23)CC1,CHEMBL3741926,40000.0,inactive,4.698970004336019
106,O=C(c1ccc2ccccc2c1)N1CCN(Cc2cn(-c3cccc(C(F)(F)F)c3)c3ccccc23)CC1,CHEMBL3741926,40000.0,inactive,4.3979400086720375
107,O=C(c1ccccc1)N1CCN(Cc2cn(-c3cccc(C(F)(F)F)c3)c3ccccc23)CC1,CHEMBL3741027,15000.0,inactive,4.823908740944319
108,O=C(c1ccccc1)N1CCN(Cc2cn(-c3cccc(C(F)(F)F)c3)c3ccccc23)CC1,CHEMBL3741027,15000.0,inactive,4.698970004336019
109,O=C(c1ccccc1)N1CCN(Cc2cn(-c3cccc(C(F)(F)F)c3)c3ccccc23)CC1,CHEMBL3741027,20000.0,inactive,4.823908740944319
110,O=C(c1ccccc1)N1CCN(Cc2cn(-c3cccc(C(F)(F)F)c3)c3ccccc23)CC1,CHEMBL3741027,20000.0,inactive,4.698970004336019
111,O=C(NCCCNC(=O)c1cn(S(=O)(=O)c2ccccc2)c2ccccc12)c1coc2ccccc2c1=O,CHEMBL3740564,20000.0,inactive,4.698970004336019
112,O=C(NCCCNC(=O)c1cn(S(=O)(=O)c2ccccc2)c2ccccc12)c1coc2ccccc2c1=O,CHEMBL3740564,20000.0,inactive,4.3979400086720375
113,O=C(NCCCNC(=O)c1cn(S(=O)(=O)c2ccccc2)c2ccccc12)c1coc2ccccc2c1=O,CHEMBL3740564,40000.0,inactive,4.698970004336019
114,O=C(NCCCNC(=O)c1cn(S(=O)(=O)c2ccccc2)c2ccccc12)c1coc2ccccc2c1=O,CHEMBL3740564,40000.0,inactive,4.3979400086720375
115,CC[C@H](C)[C@@H](NC(=O)[C@@H](CCC(=O)O)NC(=O)[C@@H](CCC(N)=O)NC(=O)[C@H](Cc1c[nH]c2ccccc12)NC(=O)[C@H](CC(N)=O)NC(=O)[C@H](CCCNC(=N)N)NC(=O)[C@H](CCCCN)NC(=O)[C@H](CC(C)C)NC(=O)[C@H](CCC(=O)O)NC(=O)[C@H](CC(=O)O)NC(=O)[C@H](CCC(=O)O)NC(=O)[C@H](C)NC(=O)[C@H](N)CC(=O)O)C(=O)N[C@H](CCC(N)=O)C(=O)N[C@H](CCC(=O)O)C(=O)N[C@H](Cc1ccccc1)C(=O)N[C@H](CCC(N)=O)C(=O)N[C@H](CCC(N)=O)C(=O)N[C@@H](C(=O)N[C@H](CC(C)C)C(=O)N[C@H](CCC(N)=O)C(=O)N[C@H](CCSC)C(=O)N[C@H](Cc1ccccc1)C(=O)N[C@H](Cc1ccccc1)C(=O)N[C@H](CCC(=O)O)C(=O)N[C@H](Cc1c[nH]c2ccccc12)C(=O)N[C@@H](Cc1c[nH]c2ccccc12)C(=O)N[C@@H](CCC(N)=O)C(=O)N[C@H](CCCCN)C(=O)N[C@@H](CC(=O)O)C(=O)O)[C@H](C)CC,CHEMBL4299667,11900.0,inactive,4.924453038607469
116,CC[C@H](C)[C@H](NC(=O)[C@H](CCC(N)=O)NC(=O)[C@H](Cc1ccccc1)NC(=O)[C@H](Cc1c[nH]c2ccccc12)NC(=O)[C@H](CCCCN)NC(=O)[C@H](Cc1c[nH]c2ccccc12)NC(=O)[C@H](Cc1ccccc1)NC(=O)[C@H](CCC(=O)O)NC(=O)[C@H](CCC(N)=O)NC(=O)[C@H](CC(C)C)NC(=O)[C@H](Cc1c[nH]c2ccccc12)NC(=O)[C@H](CCCCN)NC(=O)[C@H](CCCCN)NC(=O)[C@H](Cc1ccc(O)cc1)NC(=O)[C@H](CC(C)C)NC(=O)[C@H](CCC(=O)O)NC(=O)[C@H](CCC(=O)O)NC(=O)[C@H](CCC(N)=O)NC(=O)[C@H](CCC(N)=O)NC(=O)[C@@H](N)CCCNC(=N)N)C(=O)N[C@@H](C)C(=O)N[C@@H](CC(C)C)C(=O)N[C@@H](CCC(N)=O)C(=O)N[C@@H](CC(C)C)C(=O)N[C@@H](CC(=O)O)C(=O)O,CHEMBL3805016,32600.0,inactive,4.486782399932061
117,CC[C@H](C)[C@H](NC(=O)[C@H](Cc1c[nH]c2ccccc12)NC(=O)[C@H](CCC(=O)O)NC(=O)[C@H](CC(C)C)NC(=O)[C@@H](NC(=O)[C@H](CCSC)NC(=O)[C@H](CCCNC(=N)N)NC(=O)[C@H](C)NC(=O)[C@H](Cc1ccc(O)cc1)NC(=O)[C@H](CCC(N)=O)NC(=O)[C@H](CCC(=O)O)NC(=O)[C@H](C)NC(=O)[C@H](Cc1ccccc1)NC(=O)[C@H](Cc1c[nH]c2ccccc12)NC(=O)[C@H](CCCCN)NC(=O)[C@H](CCC(=O)O)NC(=O)[C@@H](N)CCC(N)=O)C(C)C)C(=O)N[C@@H](CCC(=O)O)C(=O)N[C@@H](CCCCN)C(=O)N[C@@H](CCC(=O)O)C(=O)N[C@@H](CC(C)C)C(=O)N[C@@H](CCCCN)C(=O)N[C@@H](CCC(=O)O)C(=O)N[C@@H](CO)C(=O)N[C@@H](CC(C)C)C(=O)O,CHEMBL3806135,20700.0,inactive,4.684029654543083
118,COc1ccc2c(c1)C(=O)N(C[C@@]1(C#Cc3ccc(C(N)C(F)(F)F)cc3)NC(=O)NC1=O)C2,CHEMBL3640296,1086.0,intermediate,5.964170174747172
119,COc1ccc2c(c1F)C(=O)N(C[C@@]1(C#Cc3ccc4c(=O)[nH][nH]c4c3)NC(=O)NC1=O)C2,CHEMBL3640297,226.45,active,6.645027674981024
120,COc1ccc2c(c1)C(=O)N(C[C@@]1(C#Cc3cc(F)c4c(=O)[nH][nH]c4c3)NC(=O)NC1=O)C2,CHEMBL3640298,723.0,active,6.140861702705469
121,COc1ccc2c(c1F)C(=O)N(C[C@@]1(C#Cc3cc(F)c4c(=O)[nH][nH]c4c3)NC(=O)NC1=O)C2,CHEMBL3640299,383.45,active,6.41629125789435
122,COc1ccc2c(c1)C(=O)N(C[C@@]1(C#Cc3ccc4c(c3)CN(C)C(=O)N4)NC(=O)NC1=O)C2,CHEMBL3640300,507.15,active,6.29486357017855
123,COc1ccc2c(c1F)C(=O)N(C[C@@]1(C#Cc3ccc4c(c3)CN(C)C(=O)N4)NC(=O)NC1=O)C2,CHEMBL3640301,281.3,active,6.550830267834799
124,O=C1NC(=O)[C@](C#Cc2cccnc2)(CN2Cc3ccc(I)cc3C2=O)N1,CHEMBL3640302,100001.0,inactive,3.9999956570768953
125,O=C1NC(=O)[C@](C#Cc2cccnc2)(CN2Cc3ccc(I)cc3C2=O)N1,CHEMBL3640302,100001.0,inactive,6.010238812281222
126,O=C1NC(=O)[C@](C#Cc2cccnc2)(CN2Cc3ccc(I)cc3C2=O)N1,CHEMBL3640302,976.7,active,3.9999956570768953
127,O=C1NC(=O)[C@](C#Cc2cccnc2)(CN2Cc3ccc(I)cc3C2=O)N1,CHEMBL3640302,976.7,active,6.010238812281222
128,Cn1cc(-c2ccc3c(c2)C(=O)N(C[C@]2(C#Cc4cccnc4)NC(=O)NC2=O)C3)cn1,CHEMBL3640303,10000001.0,inactive,1.999999956570554
129,Cn1cc(-c2ccc3c(c2)C(=O)N(C[C@@]2(C#Cc4cccnc4)NC(=O)NC2=O)C3)cn1,CHEMBL3639391,10000001.0,inactive,1.999999956570554
130,CSc1ccc2c(c1)C(=O)N(C[C@@]1(C#Cc3cccnc3)NC(=O)NC1=O)C2,CHEMBL3640304,651.1,active,6.186352304653103
131,COc1ccc2c(c1)C(=O)N(C[C@@]1(C#Cc3ccc(C(O)C4CCN(C)CC4)cc3)NC(=O)NC1=O)C2,CHEMBL3640305,244.5,active,6.6117211365403605
132,COc1ccc2c(c1)C(=O)N(C[C@@]1(C#Cc3ccc4c(c3)c(N)nn4CCN(C)C)NC(=O)NC1=O)C2,CHEMBL3640306,101.0,active,6.995678626217358
133,COc1ccc2c(c1)C(=O)N(C[C@@]1(C#Cc3ccc4c(c3)c(N)nn4C)NC(=O)NC1=O)C2,CHEMBL3640307,2903.5,intermediate,5.537078169630657
134,COc1ccc2c(c1)C(=O)N(C[C@@]1(C#Cc3ccc(-c4cc(N)n(C)n4)cc3)NC(=O)NC1=O)C2,CHEMBL3640308,223.0,active,6.651695136951839
135,COc1ccc2c(c1)C(=O)N(C[C@@]1(C#Cc3ccc(-c4cc(N)[nH]n4)cc3)NC(=O)NC1=O)C2,CHEMBL3640309,128.0,active,6.892790030352131
136,COc1ccc2c(c1)C(=O)N(C[C@@]1(C#Cc3ccc4c(c3)c(=O)[nH]n4C)NC(=O)NC1=O)C2,CHEMBL3640310,1527.0,intermediate,5.816160962943579
137,COc1ccc2c(c1)C(=O)N(C[C@@]1(C#Cc3ccc4c(=O)[nH]n(C)c4c3)NC(=O)NC1=O)C2,CHEMBL3640311,456.0,active,6.341035157335565
138,COc1ccc2c(c1)C(=O)N(C[C@@]1(C#Cc3ccc4c(=O)[nH][nH]c4c3)NC(=O)NC1=O)C2,CHEMBL3640312,156.0,active,6.806875401645538
139,COc1ccc2c(c1)C(=O)N(C[C@@]1(C#Cc3ccc4c(N)nn(C)c4c3)NC(=O)NC1=O)C2,CHEMBL3640313,1114.5,intermediate,5.952919927183744
140,COc1ccc2c(c1)C(=O)N(C[C@@]1(C#Cc3ccc4c(C)n[nH]c4c3)NC(=O)NC1=O)C2,CHEMBL3640314,2948.0,intermediate,5.530472520812986
141,COc1ccc2c(c1)C(=O)N(C[C@@]1(C#Cc3ccc4c(CN(C)C)n[nH]c4c3)NC(=O)NC1=O)C2,CHEMBL3640315,163.0,active,6.787812395596042
142,COc1ccc2c(c1)C(=O)N(C[C@@]1(C#Cc3ccc4c(-c5ccncc5)n[nH]c4c3)NC(=O)NC1=O)C2,CHEMBL3640316,1005.4,intermediate,5.997661119107944
143,COc1ccc2c(c1)C(=O)N(C[C@@]1(C#Cc3ccc(CC4CCN(C)CC4)nc3)NC(=O)NC1=O)C2,CHEMBL1287908,194.9,active,6.710188160882378
144,COc1ccc2c(c1)C(=O)N(C[C@@]1(C#Cc3ccc(C4CCN(C)CC4)nc3)NC(=O)NC1=O)C2,CHEMBL3640317,244.9,active,6.611011214875286
145,COc1ccc2c(c1)C(=O)N(C[C@@]1(C#Cc3ccc(C4(O)CCNCC4)cc3)NC(=O)NC1=O)C2,CHEMBL3640318,2390.0,intermediate,5.621602099051862
146,COc1ccc2c(c1F)C(=O)N(C[C@@]1(C#Cc3ccc(C4(O)CCNCC4)cc3)NC(=O)NC1=O)C2,CHEMBL3640319,137.0,active,6.863279432843593
147,COc1ccc2c(c1F)C(=O)N(C[C@@]1(C#Cc3ccc(C(CN)N4CCC(NC(=O)OC(C)(C)C)C4)cc3)NC(=O)NC1=O)C2,CHEMBL3640320,303.0,active,6.518557371497695
148,COc1ccc2c(c1)C(=O)N(C[C@@]1(C#Cc3ccc(C(CN)N4CCC(NC(=O)OC(C)(C)C)C4)cc3)NC(=O)NC1=O)C2,CHEMBL3640321,316.0,active,6.5003129173815966
149,COc1ccc2c(c1F)C(=O)N(C[C@@]1(C#Cc3ccc(C(CN)N4CCC(N)C4)cc3)NC(=O)NC1=O)C2,CHEMBL3640322,109.0,active,6.962573502059376
150,COc1ccc2c(c1)C(=O)N(C[C@@]1(C#Cc3ccc(C(CN)N4CCC(N)C4)cc3)NC(=O)NC1=O)C2,CHEMBL3640323,233.0,active,6.632644078973981
151,COc1ccc2c(c1F)C(=O)N(C[C@@]1(C#Cc3ccc(N4CCNCC4)cc3)NC(=O)NC1=O)C2,CHEMBL3640324,118.0,active,6.928117992693875
152,COc1ccc2c(c1)C(=O)N(C[C@@]1(C#Cc3cncc(-c4ccc(O)c(-c5cn[nH]c5)n4)c3)NC(=O)NC1=O)C2,CHEMBL3640325,374.0,active,6.42712839779952
153,CCN1CCN(C(=O)c2ccc(C#C[C@]3(CN4Cc5ccc(OC)cc5C4=O)NC(=O)NC3=O)cc2)CC1,CHEMBL3640326,446.0,active,6.350665141287858
154,COc1ccc2c(c1)C(=O)N(C[C@@]1(C#Cc3ccc(C(=O)N4CCN(C5CC5)CC4)cc3)NC(=O)NC1=O)C2,CHEMBL3640327,1158.0,intermediate,5.936291440608582
155,COc1ccc2c(c1)C(=O)N(C[C@@]1(C#Cc3ccc(C(=O)N4CCN(C5CCCCC5)CC4)cc3)NC(=O)NC1=O)C2,CHEMBL3640328,578.0,active,6.2380721615794705
156,COc1ccc2c(c1)C(=O)N(C[C@@]1(C#Cc3ccc(C(=O)N4CCC(N5CCCCC5)CC4)cc3)NC(=O)NC1=O)C2,CHEMBL3640329,400.6,active,6.397289055042442
157,CCN1CCN(C(=O)c2ccc(C#C[C@]3(CN4Cc5ccc(OC)c(F)c5C4=O)NC(=O)NC3=O)cc2)CC1,CHEMBL3640330,307.85,active,6.5116608420725
158,COc1ccc2c(c1F)C(=O)N(C[C@@]1(C#Cc3ccc(CN4CCOCC4)nc3)NC(=O)NC1=O)C2,CHEMBL3640331,698.1,active,6.156082361993608
159,COc1ccc2c(c1F)C(=O)N(C[C@@]1(C#Cc3ccc(CN4CCSCC4)nc3)NC(=O)NC1=O)C2,CHEMBL3640332,587.5,active,6.230992129056226
160,COc1ccc2c(c1F)C(=O)N(C[C@@]1(C#Cc3ccc(CN4CCCCC4)nc3)NC(=O)NC1=O)C2,CHEMBL3640333,785.1,active,6.105075022640457
161,COc1ccc2c(c1F)C(=O)N(C[C@@]1(C#Cc3ccc(CN4CCc5ccc(F)cc5C4)nc3)NC(=O)NC1=O)C2,CHEMBL3640334,4980.0,intermediate,5.302770657240282
162,COc1ccc2c(c1)C(=O)N(C[C@@]1(C#Cc3ccc(-c4ccccc4O)cc3)NC(=O)NC1=O)C2,CHEMBL3640335,652.1,active,6.18568579979254
163,COc1ccc2c(c1)C(=O)N(C[C@@]1(C#Cc3ccc(-c4ccccc4O)cc3)NC(=O)NC1=O)C2,CHEMBL3640335,652.1,active,6.18568579979254
164,COc1ccc2c(c1)C(=O)N(C[C@@]1(C#Cc3ccc(-c4ccccc4O)cc3)NC(=O)NC1=O)C2,CHEMBL3640335,652.1,active,6.18568579979254
165,COc1ccc2c(c1)C(=O)N(C[C@@]1(C#Cc3ccc(-c4ccccc4O)cc3)NC(=O)NC1=O)C2,CHEMBL3640335,652.1,active,6.18568579979254
166,COc1ccc2c(c1)C(=O)N(C[C@@]1(C#Cc3ccc(-c4nc(-c5ccncc5)ccc4O)cc3)NC(=O)NC1=O)C2,CHEMBL3640336,65.0,active,7.187086643357144
167,COc1ccc2c(c1)C(=O)N(C[C@@]1(C#Cc3ccc(-c4nc(-c5cccnc5)ccc4O)cc3)NC(=O)NC1=O)C2,CHEMBL3640337,80.25,active,7.09555495892309
168,CCN1CCN(c2ccc(OC)c(-c3ccc(C#C[C@]4(CN5Cc6ccc(OC)cc6C5=O)NC(=O)NC4=O)cc3)n2)CC1,CHEMBL3640338,573.3,active,6.241618058225325
169,COc1ccc2c(c1)C(=O)N(C[C@@]1(C#Cc3ccc(-c4nc(-c5cnn(C)c5)ccc4O)cc3)NC(=O)NC1=O)C2,CHEMBL3640339,61.0,active,7.214670164989233
170,CCN1CCN(Cc2ccc(C#C[C@]3(CN4Cc5ccc(OC)c(F)c5C4=O)NC(=O)NC3=O)cc2)CC1,CHEMBL3640340,124.6,active,6.9044819576768495
171,COc1ccc2c(c1)C(=O)N(C[C@@]1(C#Cc3ccc(-c4nc(-c5cccnc5)ccc4OC(C)=O)cc3)NC(=O)NC1=O)C2,CHEMBL3640341,61.65,active,7.210066919068249
172,CCN1CCN(c2ccc(O)c(-c3ccc(C#C[C@]4(CN5Cc6ccc(OC)cc6C5=O)NC(=O)NC4=O)cc3F)n2)CC1,CHEMBL1288726,39.75,active,7.400662867007511
173,CCN1CCN(Cc2ccc(C#C[C@]3(CN4Cc5ccc(OC)cc5C4=O)NC(=O)NC3=O)cn2)CC1,CHEMBL3640342,782.3,active,6.106626669753975
174,CCN1CCN(Cc2ccc(C#C[C@]3(CN4Cc5ccc(OC)c(F)c5C4=O)NC(=O)NC3=O)cn2)CC1,CHEMBL3640343,156.0,active,6.806875401645538
175,COc1ccc2c(c1F)C(=O)N(C[C@@]1(C#Cc3ccc(CN4CCN(c5ccncc5)CC4)nc3)NC(=O)NC1=O)C2,CHEMBL3640344,228.0,active,6.642065152999546
176,COc1ccc2c(c1)C(=O)N(C[C@@]1(C#Cc3ccc(CN4CCN(c5nccs5)CC4)cc3)NC(=O)NC1=O)C2,CHEMBL3640345,3127.0,intermediate,5.504872118757067
177,COc1ccc2c(c1F)C(=O)N(C[C@@]1(C#Cc3ccc(CN4CCN(c5ccncc5)CC4)cc3)NC(=O)NC1=O)C2,CHEMBL3640346,289.6,active,6.53820144247489
178,COc1ccc2c(c1F)C(=O)N(C[C@@]1(C#Cc3ccc(CN4CCN(C5CCCCC5)CC4)cc3)NC(=O)NC1=O)C2,CHEMBL3640347,255.4,active,6.592779107072603
179,CCN1CCN(Cc2ccc(C#C[C@]3(CN4Cc5ccc(OC)c(F)c5C4=O)NC(=O)NC3=O)cc2F)CC1,CHEMBL3640348,249.8,active,6.602407565961883
180,CCN1CCN(C(C)c2ccc(C#C[C@]3(CN4Cc5ccc(OC)c(F)c5C4=O)NC(=O)NC3=O)cc2)CC1,CHEMBL3640349,695.1,active,6.157952711490362
181,COc1ccc2c(c1F)C(=O)N(C[C@]1(C#Cc3ccc(CN4CCN(C5CCCCC5)CC4)cc3)NC(=O)NC1=O)C2,CHEMBL3640350,100001.0,inactive,3.9999956570768953
182,COc1ccc2c(c1F)C(=O)N(C[C@@]1(C#Cc3ccc(-c4nc(-c5cnn(C)c5)ccc4O)cc3)NC(=O)NC1=O)C2,CHEMBL3640351,87.0,active,7.060480747381382
183,COc1ccc2c(c1F)C(=O)N(C[C@@]1(C#Cc3ccc(-c4nc(-c5cnn(C)c5)ccc4O)c(F)c3)NC(=O)NC1=O)C2,CHEMBL3640352,75.4,active,7.122628654130226
184,CCC(=O)Oc1ccc(-c2cnn(C)c2)nc1-c1ccc(C#C[C@]2(CN3Cc4ccc(OC)cc4C3=O)NC(=O)NC2=O)cc1,CHEMBL3640353,55.9,active,7.252588192113577
185,COc1ccc2c(c1)C(=O)N(C[C@@]1(C#Cc3ccc(-c4nc(-c5cnn(C)c5)ccc4OC(=O)C(C)C)cc3)NC(=O)NC1=O)C2,CHEMBL3640354,47.97,active,7.319030281534103
186,COc1ccc2c(c1)C(=O)N(C[C@@]1(C#Cc3ccc(-c4nc(-c5cnn(C)c5)ccc4OC(=O)C(C)(C)C)cc3)NC(=O)NC1=O)C2,CHEMBL3640355,42.75,active,7.369063880935808
187,CCN1CCN(c2cccc(-c3ccc(C#C[C@]4(CN5Cc6ccc(OC)c(F)c6C5=O)NC(=O)NC4=O)cc3)n2)CC1,CHEMBL3640356,605.65,active,6.217778278442378
188,CCN1CCN(c2cccc(-c3ccc(C#C[C@]4(CN5Cc6ccc(OC)c(F)c6C5=O)NC(=O)NC4=O)cc3F)n2)CC1,CHEMBL3640357,808.3,active,6.092427421201449
189,COc1ccc2c(c1F)C(=O)N(C[C@@]1(C#Cc3ccc(-c4cccc(N5CCN(C6CCCCC6)CC5)n4)cc3)NC(=O)NC1=O)C2,CHEMBL3640358,855.6,active,6.06772922410051
190,COc1ccc2c(c1F)C(=O)N(C[C@@]1(C#Cc3ccc(-c4cccc(N5CCN(C6CCCCC6)CC5)n4)c(F)c3)NC(=O)NC1=O)C2,CHEMBL3640359,2431.0,intermediate,5.6142150411566645
191,COc1ccc2c(c1F)C(=O)N(C[C@@]1(C#Cc3ccc(-c4cccc(N5CCOCC5)n4)cc3)NC(=O)NC1=O)C2,CHEMBL3640360,1635.0,intermediate,5.786482243003695
192,COc1ccc2c(c1F)C(=O)N(C[C@@]1(C#Cc3ccc(-c4cccc(N5CCOCC5)n4)c(F)c3)NC(=O)NC1=O)C2,CHEMBL3640361,2557.0,intermediate,5.592269271973665
193,COc1ccc2c(c1)C(=O)N(C[C@@]1(C#Cc3cccc(N4CCSCC4)n3)NC(=O)NC1=O)C2,CHEMBL3640362,4316.0,intermediate,5.364918563989127
194,COc1ccc2c(c1)C(=O)N(C[C@@]1(C#Cc3ccc(-c4cccc(N5CCSCC5)n4)cc3)NC(=O)NC1=O)C2,CHEMBL3640363,1000001.0,inactive,2.999999565705735
195,COc1ccc2c(c1F)C(=O)N(C[C@@]1(C#Cc3ccc(-c4cccc(N5CCSCC5)n4)cc3)NC(=O)NC1=O)C2,CHEMBL3640364,4154.0,intermediate,5.38153350780092
196,COc1ccc2c(c1)C(=O)N(C[C@@]1(C#Cc3ccc(-c4ccc(-c5cccc(N6CCSCC6)n5)cc4)cc3)NC(=O)NC1=O)C2,CHEMBL3640365,1000001.0,inactive,2.999999565705735
197,COc1ccc2c(c1F)C(=O)N(C[C@@]1(C#Cc3ccc(-c4nc(-c5cccnc5)ccc4O)cc3)NC(=O)NC1=O)C2,CHEMBL3640366,105.65,active,6.976130498611668
198,COc1ccc2c(c1F)C(=O)N(C[C@@]1(C#Cc3ccc(-c4nc(-c5cccnc5)ccc4O)c(F)c3)NC(=O)NC1=O)C2,CHEMBL3640367,118.7,active,6.9255492810454085
199,COc1ccc2c(c1F)C(=O)N(C[C@@]1(C#Cc3ccc(-c4nc(N5CCC(=O)CC5)ccc4O)cc3)NC(=O)NC1=O)C2,CHEMBL3640368,123.85,active,6.907103989078144
200,COc1ccc2c(c1F)C(=O)N(C[C@@]1(C#Cc3ccc(-c4nc(-c5cnn(C)c5)ccc4OC(=O)C(C)(C)C)c(F)c3)NC(=O)NC1=O)C2,CHEMBL3640369,68.45,active,7.164626547529991
201,COc1ccc2c(c1)C(=O)N(C[C@@]1(C#Cc3ccc(-c4ncccc4OC(=O)C(C)(C)C)cc3)NC(=O)NC1=O)C2,CHEMBL3640370,341.55,active,6.466545710329176
202,COc1ccc2c(c1F)C(=O)N(C[C@@]1(C#Cc3ccc(-c4ncccc4O)cc3)NC(=O)NC1=O)C2,CHEMBL3640371,96.0,active,7.017728766960431
203,COc1ccc2c(c1)C(=O)N(C[C@@]1(C#Cc3ccc(-c4cnccc4C)nc3)NC(=O)NC1=O)C2,CHEMBL3640372,2392.0,intermediate,5.621238824683627
204,COc1ccc2c(c1)C(=O)N(C[C@@]1(C#Cc3ccc(-c4cnccc4OC)nc3)NC(=O)NC1=O)C2,CHEMBL3640373,5377.0,intermediate,5.2694599635228805
205,COc1ccc2c(c1)C(=O)N(C[C@@]1(C#Cc3ccc(C4(CNS(C)(=O)=O)NC(=O)NC4=O)cc3)NC(=O)NC1=O)C2,CHEMBL3640374,176.0,active,6.7544873321858505
206,COc1ccc2c(c1)C(=O)N(C[C@@]1(C#Cc3ccc(-n4cnc(CCNC(C)=O)c4)cc3)NC(=O)NC1=O)C2,CHEMBL3640375,453.0,active,6.343901797987168
207,COc1ccc2c(c1)C(=O)N(C[C@@]1(C#Cc3ccc(-n4cnc(CCNC(C)=O)c4)nc3)NC(=O)NC1=O)C2,CHEMBL3640376,524.0,active,6.280668713016273
208,COc1ccc2c(c1)C(=O)N(C[C@@]1(C#Cc3ccc(C4=NCCN4)c(C)c3)NC(=O)NC1=O)C2,CHEMBL3640377,504.0,active,6.297569463554475
209,COc1ccc2c(c1)C(=O)N(C[C@@]1(C#Cc3ccc(N4CCNC4=O)cc3)NC(=O)NC1=O)C2,CHEMBL3640378,1618.0,intermediate,5.791021482723746
210,COc1ccc2c(c1)C(=O)N(C[C@@]1(C#Cc3ccc(-n4ccnc4)cc3)NC(=O)NC1=O)C2,CHEMBL3640379,786.0,active,6.104577453960592
211,COc1ccc2c(c1)C(=O)N(C[C@@]1(C#Cc3ccc(-n4cncn4)cc3)NC(=O)NC1=O)C2,CHEMBL3640380,1140.0,intermediate,5.943095148663527
212,COc1ccc2c(c1)C(=O)N(C[C@@]1(C#Cc3ccc(-n4cncn4)cc3)NC(=O)NC1=O)C2,CHEMBL3640380,1140.0,intermediate,5.943095148663527
213,COc1ccc2c(c1)C(=O)N(C[C@@]1(C#Cc3ccc(-n4cncn4)cc3)NC(=O)NC1=O)C2,CHEMBL3640380,1140.0,intermediate,5.943095148663527
214,COc1ccc2c(c1)C(=O)N(C[C@@]1(C#Cc3ccc(-n4cncn4)cc3)NC(=O)NC1=O)C2,CHEMBL3640380,1140.0,intermediate,5.943095148663527
215,COc1ccc2c(c1)C(=O)N(C[C@@]1(C#Cc3ccc(-c4cccc(C)c4O)nc3)NC(=O)NC1=O)C2,CHEMBL3640381,3505.0,intermediate,5.455311977697322
216,COc1ccc2c(c1)C(=O)N(C[C@@]1(C#Cc3ccc(-c4ccc(C)[nH]c4=O)nc3)NC(=O)NC1=O)C2,CHEMBL3640382,766.0,active,6.115771230367396
217,COc1ccc2c(c1F)C(=O)N(C[C@@]1(C#Cc3ccc(C4(C)NC(=O)NC4=O)c(F)c3)NC(=O)NC1=O)C2,CHEMBL3640383,148.0,active,6.8297382846050425
218,COc1ccc2c(c1)C(=O)N(C[C@@]1(C#Cc3ccc(-c4c(N)n[nH]c4C)cc3)NC(=O)NC1=O)C2,CHEMBL3640384,488.0,active,6.311580177997289
219,COc1ccc2c(c1F)C(=O)N(C[C@@]1(C#Cc3ccc4c(c3)C3(CC4)NC(=O)NC3=O)NC(=O)NC1=O)C2,CHEMBL3640385,367.0,active,6.43533393574791
220,COc1ccc2c(c1)C(=O)N(C[C@@]1(C#Cc3ccc(Nc4c(NCCN5CCOCC5)c(=O)c4=O)cc3)NC(=O)NC1=O)C2,CHEMBL3640386,169.0,active,6.772113295386326
221,COc1ccc2c(c1)C(=O)N(C[C@@]1(C#Cc3ccc(Nc4c(NCCN(C)C)c(=O)c4=O)cc3)NC(=O)NC1=O)C2,CHEMBL3640387,161.0,active,6.79317412396815
222,COc1ccc2c(c1)C(=O)N(C[C@@]1(C#Cc3ccc(Nc4c(N)c(=O)c4=O)cc3)NC(=O)NC1=O)C2,CHEMBL3640388,306.0,active,6.51427857351842
223,COc1ccc2c(c1F)C(=O)N(C[C@@]1(C#Cc3ccc(C(N=O)N4CCNC[C@@H]4C)c(F)c3)NC(=O)NC1=O)C2,CHEMBL3640389,42.0,active,7.376750709602099
224,COc1ccc2c(c1F)C(=O)N(C[C@@]1(C#Cc3cncc(F)c3)NC(=O)NC1=O)C2,CHEMBL3640390,305.0,active,6.515700160653214
225,CCN1CCN(C(N=O)c2ccc(C#C[C@]3(CN4Cc5ccc(OC)c(F)c5C4=O)NC(=O)NC3=O)cc2F)[C@@H](C)C1,CHEMBL3640391,69.0,active,7.161150909262744
226,COc1ccc2c(c1F)C(=O)N(C[C@@]1(C#Cc3cc(F)cnc3Cl)NC(=O)NC1=O)C2,CHEMBL3640392,935.0,active,6.029188389127482
227,COc1ccc2c(c1F)C(=O)N(C[C@@]1(C#Cc3ccc(C4(C#N)CCN(C)CC4)cc3)NC(=O)NC1=O)C2,CHEMBL3640393,669.0,active,6.174573882232177
228,COc1ccc2c(c1F)C(=O)N(C[C@@]1(C#Cc3ccc(C4(C(N)=O)CCN(C)CC4)cc3)NC(=O)NC1=O)C2,CHEMBL3640394,152.0,active,6.818156412055227
229,COc1ccc2c(c1)C(=O)N(C[C@@]1(C#Cc3ccc(-c4ccc(F)cc4O)nc3)NC(=O)NC1=O)C2,CHEMBL3640396,9459.0,intermediate,5.024154774532433
230,COc1ccc2c(c1F)C(=O)N(C[C@@]1(C#Cc3ccc(N4C(=O)NC5(CC5)C4=O)c(F)c3)NC(=O)NC1=O)C2,CHEMBL3640397,148.0,active,6.8297382846050425
231,COc1ccc2c(c1)C(=O)N(CC1(C#Cc3cccc4c3CCC43NC(=O)NC3=O)NC(=O)NC1=O)C2,CHEMBL3640398,1000.0,active,6.0
232,CCN1CCN(C(=O)C2CC(=O)N(c3ccc(C#C[C@]4(CN5Cc6ccc(OC)cc6C5=O)NC(=O)NC4=O)cc3)C2)CC1,CHEMBL3640399,940.0,active,6.026872146400302
233,COc1ccc2c(c1)C(=O)N(C[C@@]1(C#Cc3nc(-c4n[nH]c(=O)n4C4CCN(C)CC4)ccc3OC)NC(=O)NC1=O)C2,CHEMBL3640400,2189.0,intermediate,5.659754238432068
234,CCN1CCN(C(=O)C2CCC(=O)N2c2ccc(C#C[C@]3(CN4Cc5ccc(OC)cc5C4=O)NC(=O)NC3=O)cc2)CC1,CHEMBL3640401,113.0,active,6.94692155651658
235,COc1ccc2c(c1)C(=O)N(C[C@@]1(C#Cc3ccc(N4C(=O)CCC4C(=O)NC4CC4)cc3)NC(=O)NC1=O)C2,CHEMBL3640402,127.0,active,6.896196279044043
236,CCN1CCN(C(=O)C2CCC(=O)N2c2ccc(C#C[C@]3(CN4Cc5ccc(OC)c(F)c5C4=O)NC(=O)NC3=O)cc2)CC1,CHEMBL3639392,152.0,active,6.818156412055227
237,COc1ccc2c(c1F)C(=O)N(C[C@@]1(C#Cc3ccc(N4C(=O)CCC4C(=O)NC4CC4)cc3)NC(=O)NC1=O)C2,CHEMBL3640403,278.0,active,6.555955204081924
238,COc1ccc2c(c1)C(=O)N(C[C@@]1(C#Cc3ccc(N4C(=O)CCC4C(=O)N4CCN(C)CC4)cc3)NC(=O)NC1=O)C2,CHEMBL3640404,416.0,active,6.380906669373258
239,COc1ccc2c(c1)C(=O)N(C[C@@]1(C#Cc3ccc(N4C(=O)CCC4(C(=O)O)C(C)(C)O)nc3)NC(=O)NC1=O)C2,CHEMBL3640405,578.0,active,6.2380721615794705
240,COc1ccc2c(c1F)C(=O)N(C[C@@]1(C#Cc3cncc(NC(=O)C4CCN(C)CC4)c3)NC(=O)NC1=O)C2,CHEMBL3640406,86.0,active,7.0655015487564325
241,COc1ccc2c(c1)C(=O)N(C[C@@]1(C#Cc3cncc(NC(=O)C4CCN(C)CC4)c3)NC(=O)NC1=O)C2,CHEMBL3640407,299.0,active,6.52432881167557
242,COc1ccc2c(c1)C(=O)N(C[C@@]1(C#Cc3ccc(NC(=O)C4CCN(C)CC4)cc3)NC(=O)NC1=O)C2,CHEMBL3640408,78.0,active,7.107905397309519
243,COc1ccc2c(c1)C(=O)N(C[C@@]1(C#Cc3nc(C(=O)N4CCN(C)CC4)ccc3OC)NC(=O)NC1=O)C2,CHEMBL3640409,2961.0,intermediate,5.528561592610701
244,CCN1CCN(C(=O)c2ccc(OC)c(C#C[C@]3(CN4Cc5ccc(OC)cc5C4=O)NC(=O)NC3=O)n2)CC1,CHEMBL3640410,622.0,active,6.206209615309182
245,CCNc1nnc(-c2ccc(OC)c(C#C[C@]3(CN4Cc5ccc(OC)cc5C4=O)NC(=O)NC3=O)n2)o1,CHEMBL3640412,899.0,active,6.046240308266771
246,COc1ccc2c(c1)C(=O)N(C[C@@]1(C#Cc3ccc(-n4cn[nH]c4=O)cc3)NC(=O)NC1=O)C2,CHEMBL3640413,538.0,active,6.269217724333611
247,COc1ccc2c(c1)C(=O)N(C[C@@]1(C#Cc3ccc(-n4c(C)n[nH]c4=O)cc3)NC(=O)NC1=O)C2,CHEMBL3640414,243.0,active,6.614393726401688
248,COc1ccc2c(c1)C(=O)N(C[C@@]1(C#Cc3ccc(-n4c(-c5cccnc5)n[nH]c4=O)cc3)NC(=O)NC1=O)C2,CHEMBL3640415,258.0,active,6.58838029403677
249,CCN1CCN(C(=O)C2CCC(=O)N2c2ccc(OC)c(C#C[C@]3(CN4Cc5ccc(OC)cc5C4=O)NC(=O)NC3=O)n2)CC1,CHEMBL3640416,3363.0,intermediate,5.473273132685365
250,COc1ccc2c(c1)C(=O)N(C[C@@]1(C#Cc3ccccc3C=O)NC(=O)NC1=O)C2,CHEMBL3640417,936.0,active,6.028724151261895
251,COc1ccc2c(c1)C(=O)N(C[C@@]1(C#Cc3ccc(-c4nnc(N)o4)cc3)NC(=O)NC1=O)C2,CHEMBL3640418,244.0,active,6.61261017366127
252,CCNc1nnc(-c2ccc(C#C[C@]3(CN4Cc5ccc(OC)cc5C4=O)NC(=O)NC3=O)cc2)o1,CHEMBL3640419,269.0,active,6.570247719997592
253,COc1ccc2c(c1)C(=O)N(C[C@@]1(C#Cc3nc(N)ccc3O)NC(=O)NC1=O)C2,CHEMBL3640420,808.0,active,6.092588639225414
254,COc1ccc2c(c1)C(=O)N(C[C@@]1(C#Cc3nc(-c4cccc(O)c4)ccc3OC)NC(=O)NC1=O)C2,CHEMBL3640421,9906.0,intermediate,5.004101676353563
255,CCN1CCN(/C(=N/O)c2cnc(C#C[C@]3(CN4Cc5ccc(OC)cc5C4=O)NC(=O)NC3=O)c(OC)c2)CC1,CHEMBL3640422,204.0,active,6.690369832574102
256,COc1ccc2c(c1)C(=O)N(C[C@@]1(C#Cc3ncc(C(N=O)N4CCN(c5cnccn5)CC4)cc3OC)NC(=O)NC1=O)C2,CHEMBL3640423,515.0,active,6.288192770958809
257,COc1ccc2c(c1)C(=O)N(C[C@@]1(C#Cc3nc(N4C[C@@H](O)CC4=O)ccc3OC)NC(=O)NC1=O)C2,CHEMBL3640424,837.1,active,6.077222658071202
258,COc1ccc2c(c1)C(=O)N(C[C@@]1(C#Cc3nc(-c4cccc(C#N)c4)ccc3OC)NC(=O)NC1=O)C2,CHEMBL3640425,1000001.0,inactive,2.999999565705735
259,COc1ccc2c(c1)C(=O)N(C[C@@]1(C#Cc3nc(N4C(=O)CC[C@H]4CO)ccc3OC)NC(=O)NC1=O)C2,CHEMBL3640426,1542.0,intermediate,5.811915626285062
260,COc1ccc2c(c1)C(=O)N(C[C@@]1(C#Cc3nc(N4C[C@H](O)CC4=O)ccc3OC)NC(=O)NC1=O)C2,CHEMBL3640427,1132.0,intermediate,5.946153573147748
261,COc1ccc2c(c1)C(=O)N(C[C@@]1(C#Cc3nc(N4C(=O)CCC4C)ccc3OC)NC(=O)NC1=O)C2,CHEMBL3640428,9537.2,intermediate,5.020579109890925
262,COCCN1CCN(c2ccc(OC)c(C#C[C@]3(CN4Cc5ccc(OC)cc5C4=O)NC(=O)NC3=O)n2)CC1,CHEMBL3640429,5710.4,intermediate,5.243333469388415
263,COc1ccc(N2CCC2=O)nc1C#C[C@]1(CN2Cc3ccc(OC)c(F)c3C2=O)NC(=O)NC1=O,CHEMBL3640430,1171.0,intermediate,5.931443104927637
264,COc1ccc2c(c1)C(=O)N(C[C@@]1(C#Cc3ccc(N4CCCCC4)nc3)NC(=O)NC1=O)C2,CHEMBL3640431,514.0,active,6.289036881004725
265,COc1ccc2c(c1)C(=O)N(C[C@@]1(C#Cc3nc(-c4cnc(N(C)C)nc4)ccc3OC)NC(=O)NC1=O)C2,CHEMBL3640432,10001.0,inactive,4.999956572723137
266,COc1ccc2c(c1)C(=O)N(C[C@@]1(C#Cc3nc(-c4ccc(N5CCNCC5)nc4)ccc3OC)NC(=O)NC1=O)C2,CHEMBL3640433,2049.0,intermediate,5.688458041598805
267,COc1ccc2c(c1)C(=O)N(C[C@@]1(C#Cc3nc(-c4ccc(S(=O)(=O)NC5CC5)cc4)ccc3OC)NC(=O)NC1=O)C2,CHEMBL3640434,7043.0,intermediate,5.152242311607669
268,COc1ccc2c(c1)C(=O)N(C[C@@]1(C#Cc3nc(-c4cncc(C#N)c4)ccc3OC)NC(=O)NC1=O)C2,CHEMBL3642426,1790.0,intermediate,5.747146969020107
269,COc1ccc2c(c1)C(=O)N(C[C@@]1(C#Cc3nc(-c4ccc(C#N)nc4)ccc3OC)NC(=O)NC1=O)C2,CHEMBL3642427,10000001.0,inactive,1.999999956570554
270,COc1ccc2c(c1)C(=O)N(C[C@@]1(C#Cc3ccc(N(c4cccnc4)C4CCNCC4)nc3)NC(=O)NC1=O)C2,CHEMBL3642429,430.0,active,6.366531544420414
271,COc1ccc2c(c1)C(=O)N(C[C@@]1(C#Cc3ccc(C(c4ccc[nH]4)c4ccc[nH]4)cc3)NC(=O)NC1=O)C2,CHEMBL3642430,1199.0,intermediate,5.921180816901152
272,COc1ccc2c(c1)C(=O)N(C[C@@]1(C#Cc3ccc(CCN)cc3)NC(=O)NC1=O)C2,CHEMBL3642431,219.0,active,6.6595558851598815
273,COc1ccc2c(c1)C(=O)N(C[C@@]1(C#Cc3ccc(N4CCNCC4)cc3)NC(=O)NC1=O)C2,CHEMBL1287882,205.0,active,6.688246138944246
274,COc1ccc2c(c1)C(=O)N(C[C@@]1(C#Cc3ncc(NCc4nccc(=O)[nH]4)cc3OC)NC(=O)NC1=O)C2,CHEMBL3642432,632.0,active,6.199282921717615
275,COc1ccc2c(c1)C(=O)N(C[C@@]1(C#Cc3nc(N4CCN(c5ccncc5)CC4)ccc3OC)NC(=O)NC1=O)C2,CHEMBL3642433,7271.0,intermediate,5.138405855356135
276,COc1ccc2c(c1)C(=O)N(C[C@@]1(C#Cc3cncc(-c4ccc(N)nc4)c3)NC(=O)NC1=O)C2,CHEMBL3642434,513.5,active,6.289459552066703
277,COc1ccc2c(c1)C(=O)N(C[C@@]1(C#Cc3cncc(-c4cn[nH]c4)c3)NC(=O)NC1=O)C2,CHEMBL3642435,260.0,active,6.585026652029182
278,COc1ccc2c(c1)C(=O)N(C[C@@]1(C#Cc3cncc(-c4ccc(C(N)=O)cc4)c3)NC(=O)NC1=O)C2,CHEMBL3642436,361.0,active,6.442492798094342
279,COc1ccc2c(c1)C(=O)N(C[C@@]1(C#Cc3cnc(N)nc3N)NC(=O)NC1=O)C2,CHEMBL3642437,1597.0,intermediate,5.796695083861517
280,COc1ccc2c(c1)C(=O)N(C[C@@]1(C#Cc3cnc(N4CCC(=O)CC4)nc3N)NC(=O)NC1=O)C2,CHEMBL3642438,1008.0,intermediate,5.996539467890494
281,COc1ccc2c(c1)C(=O)N(C[C@@]1(C#Cc3ccc(N4CCC(=O)CC4)nc3)NC(=O)NC1=O)C2,CHEMBL3642439,1001.0,intermediate,5.999565922520682
282,COc1ccc2c(c1)C(=O)N(C[C@@]1(C#Cc3cncc(-c4ccc(C(N)=O)o4)c3)NC(=O)NC1=O)C2,CHEMBL3642440,776.1,active,6.110082316563794
283,COc1ccc2c(c1F)C(=O)N(C[C@@]1(C#Cc3ccc4c(c3)CCC43NC(=O)NC3=O)NC(=O)NC1=O)C2,CHEMBL3642441,186.0,active,6.730487055782084
284,COc1ccc2c(c1)C(=O)N(C[C@@]1(C#Cc3ccc(C4(CN)NC(=O)NC4=O)cc3)NC(=O)NC1=O)C2,CHEMBL3642442,229.0,active,6.640164517660112
285,COc1ccc2c(c1)C(=O)N(C[C@@]1(C#Cc3ccc(C4(CN5Cc6cc(O)ccc6C5=O)NC(=O)NC4=O)cc3)NC(=O)NC1=O)C2,CHEMBL3642443,419.0,active,6.377785977033705
286,COc1ccc2c(c1)C(=O)N(C[C@]1(c3ccc(C#C[C@]4(CN5Cc6ccc(OC)cc6C5=O)NC(=O)NC4=O)cc3)NC(=O)NC1=O)C2,CHEMBL3642444,849.0,active,6.071092309756048
287,COc1ccc2c(c1)C(=O)N(C[C@@]1(C#Cc3ccc([C@@]4(CN)NC(=O)NC4=O)cc3)NC(=O)NC1=O)C2,CHEMBL3642445,122.0,active,6.913640169325252
288,COc1ccc2c(c1)C(=O)N(C[C@@]1(C#Cc3cnc4ccccc4c3CO)NC(=O)NC1=O)C2,CHEMBL3642446,8897.0,intermediate,5.0507564094317345
289,COc1ccc2c(c1)C(=O)N(C[C@@]1(C#Cc3cc(C(N)=O)ccc3C)NC(=O)NC1=O)C2,CHEMBL3642447,417.0,active,6.379863945026242
290,COc1ccc2c(c1)C(=O)N(C[C@@]1(C#Cc3ccc(CCNC(=O)C(F)(F)F)s3)NC(=O)NC1=O)C2,CHEMBL3642448,930.0,active,6.031517051446065
291,COc1ccc2c(c1)C(=O)N(C[C@@]1(C#Cc3ccc(C4=NCCN4)cc3)NC(=O)NC1=O)C2,CHEMBL3642449,227.0,active,6.6439741428068775
292,COc1ccc2c(c1)C(=O)N(C[C@@]1(C#Cc3ccc(-c4nnc[nH]4)cc3OC)NC(=O)NC1=O)C2,CHEMBL3642450,131.0,active,6.882728704344236
293,COc1ccc2c(c1)C(=O)N(C[C@@]1(C#Cc3ccc(C(=O)NO)cc3OC)NC(=O)NC1=O)C2,CHEMBL3642451,146.0,active,6.835647144215563
294,COc1ccc2c(c1)C(=O)N(C[C@@]1(C#Cc3ccc(-n4ccnc4)cc3OC)NC(=O)NC1=O)C2,CHEMBL3642452,786.0,active,6.104577453960592
295,COc1ccc2c(c1)C(=O)N(C[C@@]1(C#Cc3cc(Br)ccc3O)NC(=O)NC1=O)C2,CHEMBL3642453,10001.0,inactive,4.999956572723137
296,COc1ccc2c(c1)C(=O)N(C[C@@]1(C#Cc3ccc(OC)nc3OC)NC(=O)NC1=O)C2,CHEMBL3642454,1001.0,intermediate,5.999565922520682
297,COc1ccc2c(c1)C(=O)N(C[C@@]1(C#Cc3cnc(C)[nH]c3=O)NC(=O)NC1=O)C2,CHEMBL3642455,1130.0,intermediate,5.94692155651658
298,COc1ccc2c(c1)C(=O)N(C[C@@]1(C#Cc3c(C)ncc(C(=O)O)c3O)NC(=O)NC1=O)C2,CHEMBL3642456,699.0,active,6.1555228242543185
299,COc1ccc2c(c1)C(=O)N(C[C@@]1(C#Cc3cncc(-c4csc(N)n4)c3)NC(=O)NC1=O)C2,CHEMBL3642457,811.0,active,6.090979145788844
300,COc1ccc2c(c1)C(=O)N(C[C@@]1(C#Cc3ccc(-c4cc[nH]n4)nc3)NC(=O)NC1=O)C2,CHEMBL3642458,231.0,active,6.636388020107856
301,COc1ccc2c(c1)C(=O)N(C[C@@]1(C#Cc3cncc(-c4cc[nH]n4)c3)NC(=O)NC1=O)C2,CHEMBL3642459,678.0,active,6.168770306132936
302,COc1ccc2c(c1)C(=O)N(C[C@@]1(C#Cc3ccc4c(N)n[nH]c4c3)NC(=O)NC1=O)C2,CHEMBL3642460,309.6,active,6.509199047989145
303,COc1ccc2c(c1)C(=O)N(C[C@@]1(C#Cc3ccc4[nH]nc(N)c4c3)NC(=O)NC1=O)C2,CHEMBL3642461,520.1,active,6.283913146225168
304,CCN1CCN(c2n[nH]c3ccc(C#C[C@]4(CN5Cc6ccc(OC)cc6C5=O)NC(=O)NC4=O)cc23)CC1,CHEMBL3642462,421.75,active,6.374944908738837
305,CCN1CCN(c2n[nH]c3cc(C#C[C@]4(CN5Cc6ccc(OC)cc6C5=O)NC(=O)NC4=O)ccc23)CC1,CHEMBL3642463,187.95,active,6.725957669950168
306,COc1ccc2c(c1)C(=O)N(C[C@@]1(C#Cc3cncc(NS(C)(=O)=O)c3)NC(=O)NC1=O)C2,CHEMBL3642464,386.0,active,6.413412695328245
307,COc1ccc2c(c1)C(=O)N(C[C@@]1(C#Cc3cncc(NS(=O)(=O)C(C)C)c3)NC(=O)NC1=O)C2,CHEMBL3642465,1001.0,intermediate,5.999565922520682
308,COc1ccc2c(c1)C(=O)N(C[C@@]1(C#Cc3cncc(NC(C)=O)c3)NC(=O)NC1=O)C2,CHEMBL3642466,444.0,active,6.35261702988538
309,CCOC(=O)Nc1cncc(C#C[C@]2(CN3Cc4ccc(OC)cc4C3=O)NC(=O)NC2=O)c1,CHEMBL3642467,1230.0,intermediate,5.910094888560602
310,COc1ccc2c(c1)C(=O)N(C[C@@]1(C#Cc3c[nH]c4nc(=O)oc-4c3)NC(=O)NC1=O)C2,CHEMBL3642468,574.0,active,6.241088107602026
311,COc1ccc2c(c1)C(=O)N(C[C@@]1(C#Cc3ccc(C(N=O)c4ccc(F)cc4)cc3)NC(=O)NC1=O)C2,CHEMBL3642469,954.0,active,6.020451625295905
312,COc1ccc2c(c1)C(=O)N(C[C@@]1(C#Cc3ccc(C(N=O)C4CCN(C)CC4)cc3)NC(=O)NC1=O)C2,CHEMBL3642470,40.0,active,7.3979400086720375
313,COc1ccc2c(c1Cl)C(=O)N(CC1(C#Cc3cccnc3)NC(=O)NC1=O)C2,CHEMBL3642471,1001.0,intermediate,5.999565922520682
314,COc1ccc2c(c1)C(=O)N(C[C@@]1(C#Cc3cc(Cl)cnc3N)NC(=O)NC1=O)C2,CHEMBL3642472,10001.0,inactive,4.999956572723137
315,COc1ccc2c(c1)C(=O)N(C[C@@]1(C#Cc3ccnc(SC)n3)NC(=O)NC1=O)C2,CHEMBL3642473,3035.0,intermediate,5.517841304588724
316,COc1ccc2c(c1)C(=O)N(C[C@]1(C#Cc3ccnc(SC)n3)NC(=O)NC1=O)C2,CHEMBL3642474,10001.0,inactive,4.999956572723137
317,COc1ccc2c(c1)C(=O)N(C[C@@]1(C#Cc3ccc(F)c(C(O)(O)C(F)(F)F)c3)NC(=O)NC1=O)C2,CHEMBL3642475,1178.0,intermediate,5.928854709548917
318,COc1ccc2c(c1)C(=O)N(C[C@@]1(C#Cc3ccc(C(O)(O)C(F)(F)F)cc3)NC(=O)NC1=O)C2,CHEMBL3642476,257.8,active,6.588717086982616
319,COc1ccc2c(c1)C(=O)N(C[C@@]1(C#Cc3ccc(-c4noc(C)n4)cc3)NC(=O)NC1=O)C2,CHEMBL3642477,2430.0,intermediate,5.614393726401688
320,COc1ccc2c(c1)C(=O)N(C[C@@]1(C#Cc3cncc(-c4noc(C(N)=O)n4)c3)NC(=O)NC1=O)C2,CHEMBL3642478,712.9,active,6.14697138528701
321,COc1ccc2c(c1)C(=O)N(C[C@@]1(C#Cc3cncc(C(=O)NN)c3)NC(=O)NC1=O)C2,CHEMBL3642479,432.0,active,6.364516253185088
322,COc1ccc2c(c1)C(=O)N(C[C@]1(C#Cc3cncc(C(=O)NN)c3)NC(=O)NC1=O)C2,CHEMBL3642480,1001.0,intermediate,5.999565922520682
323,COc1ccc2c(c1)C(=O)N(C[C@]1(C#Cc3ccc(C(=O)NS(C)(=O)=O)nc3)NC(=O)NC1=O)C2,CHEMBL3642481,1001.0,intermediate,5.999565922520682
324,COc1ccc2c(c1)C(=O)N(C[C@@]1(C#Cc3ccc(C(=O)NS(C)(=O)=O)nc3)NC(=O)NC1=O)C2,CHEMBL3639413,1368.0,intermediate,5.863913902615902
325,COc1ccc2c(c1)C(=O)N(C[C@]1(C#Cc3cnc(N)c(C(=O)O)c3)NC(=O)NC1=O)C2,CHEMBL3642482,1001.0,intermediate,5.999565922520682
326,COc1ccc2c(c1)C(=O)N(C[C@@]1(C#Cc3cnc(N)c(C(=O)NS(C)(=O)=O)c3)NC(=O)NC1=O)C2,CHEMBL3642483,10001.0,inactive,4.999956572723137
327,COc1ccc2c(c1)C(=O)N(C[C@]1(C#Cc3ccc(C(=O)O)s3)NC(=O)NC1=O)C2,CHEMBL3642484,10001.0,inactive,4.999956572723137
328,COc1ccc2c(c1)C(=O)N(C[C@@]1(C#Cc3ccc(C4(C5CCC5)NC(=O)NC4=O)cc3)NC(=O)NC1=O)C2,CHEMBL3642485,382.0,active,6.4179366370882915
329,COc1ccc2c(c1)C(=O)N(C[C@@]1(C#Cc3ccc(C4(C)NC(=O)NC4=O)s3)NC(=O)NC1=O)C2,CHEMBL3642486,208.0,active,6.681936665037238
330,COc1ccc2c(c1)C(=O)N(C[C@@]1(C#Cc3csc(C4(C)NC(=O)NC4=O)c3)NC(=O)NC1=O)C2,CHEMBL3642487,531.0,active,6.274905478918531
331,COc1ccc2c(c1)C(=O)N(C[C@@]1(C#Cc3ccc4oc(C5(C)NC(=O)NC5=O)cc4c3)NC(=O)NC1=O)C2,CHEMBL3642488,292.0,active,6.534617148551582
332,COc1ccc2c(c1)C(=O)N(C[C@@]1(C#Cc3ccc4oc(C5(C)NC(=O)NC5=O)c(C)c4c3)NC(=O)NC1=O)C2,CHEMBL3642489,545.0,active,6.2636034977233574
333,CCN1CCN(C(N=O)c2ccc(C#C[C@]3(CN4Cc5ccc(OC)cc5C4=O)NC(=O)NC3=O)cc2)CC1,CHEMBL3642490,20.0,active,7.698970004336019
334,COc1ccc2c(c1)C(=O)N(C[C@@]1(C#Cc3ccc(C(N=O)N4CCSCC4)cc3)NC(=O)NC1=O)C2,CHEMBL3642491,153.0,active,6.815308569182402
335,COc1ccc2c(c1)C(=O)N(C[C@@]1(C#Cc3ccc(/C(=N/O)N4CCCN(C)CC4)cc3)NC(=O)NC1=O)C2,CHEMBL3642492,45.0,active,7.346787486224656
336,COc1ccc2c(c1)C(=O)N(C[C@@]1(C#Cc3ccc(/C(=N/O)N4CCC4)cc3)NC(=O)NC1=O)C2,CHEMBL3642493,186.0,active,6.730487055782084
337,COc1ccc2c(c1)C(=O)N(C[C@@]1(C#Cc3cccc(C(N=O)N4CCN(C)CC4)c3)NC(=O)NC1=O)C2,CHEMBL3642494,221.0,active,6.655607726314889
338,COc1ccc2c(c1)C(=O)N(C[C@@]1(C#Cc3cccc(C(N=O)N4CCOCC4)c3)NC(=O)NC1=O)C2,CHEMBL3642495,274.0,active,6.562249437179612
339,COc1ccc2c(c1)C(=O)N(C[C@@]1(C#Cc3ccc(C(N=O)N4CCN(C5CC5)CC4)cc3)NC(=O)NC1=O)C2,CHEMBL3642496,92.0,active,7.036212172654444
340,CCN1CCN(C(N=O)c2cncc(C#C[C@]3(CN4Cc5ccc(OC)cc5C4=O)NC(=O)NC3=O)c2)CC1,CHEMBL3642497,435.0,active,6.361510743045363
341,COc1ccc2c(c1)C(=O)N(C[C@@]1(C#Cc3cncc(C(N=O)N4CCCN(C)CC4)c3)NC(=O)NC1=O)C2,CHEMBL3642498,1322.0,intermediate,5.878768544850378
342,CCCCN1CCN(/C(=N/O)c2ccc(C#C[C@]3(CN4Cc5ccc(OC)cc5C4=O)NC(=O)NC3=O)cc2)CC1,CHEMBL3642499,74.0,active,7.130768280269024
343,COc1ccc2c(c1)C(=O)N(C[C@@]1(C#Cc3ccc(C(N=O)N4CCN(C5CCCCC5)CC4)cc3)NC(=O)NC1=O)C2,CHEMBL3642500,76.0,active,7.119186407719209
344,COc1ccc2c(c1)C(=O)N(C[C@@]1(C#Cc3ccc(C(N=O)N4CCN(C5CCCCCC5)CC4)cc3)NC(=O)NC1=O)C2,CHEMBL3642501,151.0,active,6.82102305270683
345,COc1ccc2c(c1)C(=O)N(C[C@@]1(C#Cc3ccc(C(N=O)N4CCN(c5ccccc5)CC4)cc3)NC(=O)NC1=O)C2,CHEMBL3642502,278.0,active,6.555955204081924
346,COc1ccc2c(c1)C(=O)N(C[C@@]1(C#Cc3ccc4c(c3)C(C)Oc3cccnc3-4)NC(=O)NC1=O)C2,CHEMBL3642503,3546.0,intermediate,5.450261268735101
347,CCN1CCN(C(CO)c2ccc(C#C[C@]3(CN4Cc5ccc(OC)cc5C4=O)NC(=O)NC3=O)cc2)CC1,CHEMBL3642504,504.0,active,6.297569463554475
348,COc1ccc2c(c1)C(=O)N(C[C@@]1(C#Cc3ccc(/C(=N/O)N4CCCN(C(C)C)CC4)cc3)NC(=O)NC1=O)C2,CHEMBL3642505,47.0,active,7.327902142064283
349,CO/N=C(\c1ccc(C#C[C@]2(CN3Cc4ccc(OC)cc4C3=O)NC(=O)NC2=O)cc1)N1CCOCC1,CHEMBL3642506,1237.0,intermediate,5.907630300370879
350,CCN1CCN(Cc2ccc(C#C[C@]3(CN4Cc5ccc(OC)cc5C4=O)NC(=O)NC3=O)cc2)CC1,CHEMBL1287881,238.0,active,6.623423042943488
351,COc1ccc2c(c1)C(=O)N(C[C@@]1(C#Cc3ccc(-c4ncccc4O)cc3)NC(=O)NC1=O)C2,CHEMBL1288000,117.0,active,6.931814138253839
352,COc1ccc2c(c1)C(=O)N(C[C@@]1(C#Cc3ccc(C/N=N/c4ccccc4)cc3)NC(=O)NC1=O)C2,CHEMBL3642507,1224.0,intermediate,5.912218582190458
353,CCN1CCN(c2ccc(O)c(-c3ccc(C#C[C@]4(CN5Cc6ccc(OC)cc6C5=O)NC(=O)NC4=O)cc3)n2)CC1,CHEMBL3642508,72.4,active,7.140261433802853
354,COc1ccc2c(c1)C(=O)N(C[C@@]1(C#Cc3ccc(C(N=O)N4CCOCC4)cc3)NC(=O)NC1=O)C2,CHEMBL3642509,100.0,active,7.0
355,COc1ccc2c(c1)C(=O)N(C[C@@]1(C#Cc3ccc(C(N=O)N4CCCC4)cc3)NC(=O)NC1=O)C2,CHEMBL3642510,641.0,active,6.193141970481182
356,COc1ccc2c(c1)C(=O)N(C[C@@]1(C#Cc3ccc(C(N=O)N4CCN(C)CC4)cc3)NC(=O)NC1=O)C2,CHEMBL3642511,65.0,active,7.187086643357144
357,COc1ccc2c(c1)C(=O)N(C[C@@]1(C#Cc3ccc(C(N=O)N4CCC(=O)CC4)cc3)NC(=O)NC1=O)C2,CHEMBL3642512,86.0,active,7.0655015487564325
358,COc1ccc2c(c1)C(=O)N(C[C@@]1(C#Cc3ccc(C(N=O)N4CCCCC4)cc3)NC(=O)NC1=O)C2,CHEMBL3642513,154.0,active,6.812479279163537
359,COc1ccc2c(c1)C(=O)N(C[C@@]1(C#Cc3ccc(C(N=O)N4CCN(C)CC4)s3)NC(=O)NC1=O)C2,CHEMBL3642514,220.0,active,6.657577319177793
360,COc1ccc2c(c1)C(=O)N(C[C@@]1(C#Cc3ccc(C(N=O)N4CCOCC4)s3)NC(=O)NC1=O)C2,CHEMBL3642515,571.0,active,6.243363891754152
361,COc1ccc2c(c1)C(=O)N(C[C@@]1(C#Cc3ccc(C(N=O)N4CCN(C)CC4)nc3)NC(=O)NC1=O)C2,CHEMBL3642516,87.0,active,7.060480747381382
362,CCN1CCN(C(N=O)c2ccc(C#C[C@]3(CN4Cc5ccc(OC)cc5C4=O)NC(=O)NC3=O)cn2)CC1,CHEMBL3642517,87.0,active,7.060480747381382
363,COc1ccc2c(c1)C(=O)N(C[C@@]1(C#Cc3ccc(C4(C)NC(=O)NC4=O)cc3C)NC(=O)NC1=O)C2,CHEMBL3642518,490.0,active,6.309803919971486
364,COc1ccc2c(c1)C(=O)N(C[C@@]1(C#Cc3ccc(C4(C)NC(=O)NC4=S)cc3)NC(=O)NC1=O)C2,CHEMBL3642519,398.0,active,6.400116927926312
365,COc1ccc2c(c1)C(=O)N(C[C@@]1(C#Cc3ccc([C@H]4CCC(=O)N4)cc3)NC(=O)NC1=O)C2,CHEMBL3642520,736.0,active,6.133122185662502
366,COc1ccc2c(c1)C(=O)N(C[C@@]1(C#Cc3ccc(C4(C(N)=O)CC4)cc3)NC(=O)NC1=O)C2,CHEMBL3642521,227.0,active,6.6439741428068775
367,CNC(=O)C1(c2ccc(C#C[C@]3(CN4Cc5ccc(OC)cc5C4=O)NC(=O)NC3=O)cc2)CC1,CHEMBL3642522,443.0,active,6.3535962737769305
368,COc1ccc2c(c1)C(=O)N(C[C@@]1(C#Cc3ccc(C(C)(C)C(N)=O)cc3)NC(=O)NC1=O)C2,CHEMBL3642523,517.0,active,6.286509456906058
369,COc1ccc2c(c1)C(=O)N(C[C@@]1(C#Cc3cccnc3-c3cnn(C)c3)NC(=O)NC1=O)C2,CHEMBL3642524,2223.0,intermediate,5.653060537301009
370,COc1ccc2c(c1)C(=O)N(C[C@@]1(C#Cc3cccnc3-c3c(C)nn(C)c3C)NC(=O)NC1=O)C2,CHEMBL3642525,2535.0,intermediate,5.596022036330645
371,C#C[C@]1(CN2Cc3ccc(OC)c(F)c3C2=O)NC(=O)NC1=O,CHEMBL3642526,841.0,active,6.075204004202088
372,COc1ccc2c(c1)C(=O)N(C[C@@]1(C#Cc3cccnc3-c3cn[nH]c3)NC(=O)NC1=O)C2,CHEMBL3642527,927.0,active,6.032920265855503
373,COc1ccc2c(c1F)C(=O)N(C[C@@]1(C#Cc3cccnc3)NC(=O)NC1=O)C2,CHEMBL3642528,134.0,active,6.872895201635193
374,COc1ccc2c(c1)C(=O)N(C[C@@]1(C#Cc3ccc(-c4c(C)nn(C)c4C)nc3)NC(=O)NC1=O)C2,CHEMBL3642529,9028.0,intermediate,5.044408449594275
375,COc1ccc2c(c1)C(=O)N(C[C@@]1(C#Cc3ccc(-c4cnn(C)c4)nc3)NC(=O)NC1=O)C2,CHEMBL3642530,1026.0,intermediate,5.988852639224203
376,COc1ccc2c(c1)C(=O)N(C[C@@]1(C#Cc3cccnc3-c3cccnc3)NC(=O)NC1=O)C2,CHEMBL3642531,2113.0,intermediate,5.675100502947687
377,COC(=O)C(c1ccc(C#C[C@]2(CN3Cc4ccc(OC)cc4C3=O)NC(=O)NC2=O)cc1)N1CCCNCC1,CHEMBL3642532,566.0,active,6.247183568811728
378,COc1ccc2c(c1)C(=O)N(C[C@@]1(C#Cc3ccc(C(C(N)=O)N4CCCNCC4)cc3)NC(=O)NC1=O)C2,CHEMBL3642533,302.0,active,6.519993057042849
379,COc1ccc2c(c1)C(=O)N(C[C@@]1(C#Cc3ccc(C(C(=O)O)N4CCCNCC4)cc3)NC(=O)NC1=O)C2,CHEMBL3642534,588.0,active,6.230622673923862
380,COc1ccc2c(c1F)C(=O)N(C[C@@]1(C#Cc3cccnc3C)NC(=O)NC1=O)C2,CHEMBL3642535,193.0,active,6.714442690992226
381,COc1ccc2c(c1F)C(=O)N(C[C@@]1(C#Cc3ccc(C)nc3)NC(=O)NC1=O)C2,CHEMBL3642536,396.0,active,6.402304814074488
382,COc1ccc2c(c1)C(=O)N(C[C@@]1(C#Cc3ccc(/N=C(\N)NC#N)cc3)NC(=O)NC1=O)C2,CHEMBL3642537,150.0,active,6.823908740944319
383,CCN1CCC(C(=O)OC)(c2ccc(C#C[C@]3(CN4Cc5ccc(OC)cc5C4=O)NC(=O)NC3=O)cc2)CC1,CHEMBL3642538,288.0,active,6.540607512240769
384,COc1ccc2c(c1)C(=O)N(C[C@@]1(C#Cc3ccc(-c4ccccc4O)nc3)NC(=O)NC1=O)C2,CHEMBL3642539,2090.0,intermediate,5.679853713888946
385,CCN1CCC(C(=O)O)(c2ccc(C#C[C@]3(CN4Cc5ccc(OC)cc5C4=O)NC(=O)NC3=O)cc2)CC1,CHEMBL3642540,239.8,active,6.6201508212371705
386,CCC1(c2ccc(C#CC3(CN4Cc5ccc(OC)cc5C4=O)NC(=O)NC3=O)cc2)NC(=O)NC1=O,CHEMBL3642541,225.0,active,6.647817481888637
387,COc1ccc2c(c1)C(=O)N(C[C@@]1(C#Cc3ccc(C4(C)NC(=O)NC4=O)nc3)NC(=O)NC1=O)C2,CHEMBL3642542,544.0,active,6.2644011003018205
388,COc1ccc2c(c1)C(=O)N(C[C@@]1(C#Cc3ccc(CC4(C)NC(=O)NC4=O)cc3)NC(=O)NC1=O)C2,CHEMBL3642543,1001.0,intermediate,5.999565922520682
389,COc1ccc2c(c1)C(=O)N(C[C@@]1(C#Cc3ccc(C4(C)NC(=O)NC4=O)c(F)c3)NC(=O)NC1=O)C2,CHEMBL3642544,243.0,active,6.614393726401688
390,COc1ccc2c(c1)C(=O)N(C[C@@]1(C#Cc3ccc(CC(N)=O)cc3)NC(=O)NC1=O)C2,CHEMBL1288211,139.0,active,6.856985199745905
391,COC(=O)Cc1ccc(C#C[C@]2(CN3Cc4ccc(OC)cc4C3=O)NC(=O)NC2=O)cc1,CHEMBL3642545,379.0,active,6.421360790031928
392,COc1ccc2c(c1)C(=O)N(CC1(C#Cc3cccnc3N3CCN(C)CC3)NC(=O)NC1=O)C2,CHEMBL3642546,1231.0,intermediate,5.909741947068683
393,COc1ccc2c(c1)C(=O)N(CC1(C#Cc3cccnc3NCCN(C)C)NC(=O)NC1=O)C2,CHEMBL3642547,1996.0,intermediate,5.699839463048647
394,COc1ccc2c(c1)C(=O)N(C[C@@]1(C#Cc3cccnc3N3CCOCC3)NC(=O)NC1=O)C2,CHEMBL3642548,633.0,active,6.198596289982645
395,COc1ccc2c(c1)C(=O)N(C[C@@]1(C#Cc3ccc(NCCN(C)C)nc3)NC(=O)NC1=O)C2,CHEMBL3642549,419.0,active,6.377785977033705
396,COc1ccc2c(c1)C(=O)N(C[C@@]1(C#Cc3cccnc3-c3cncnc3)NC(=O)NC1=O)C2,CHEMBL3642550,1593.0,intermediate,5.797784224198868
397,COc1ccc2c(c1)C(=O)N(C[C@@]1(C#Cc3cccnc3-c3ccncc3)NC(=O)NC1=O)C2,CHEMBL3642551,2265.0,intermediate,5.644931793651149
398,COc1ccc2c(c1)C(=O)N(C[C@@]1(C#Cc3ccc(-c4cn[nH]c4)nc3)NC(=O)NC1=O)C2,CHEMBL3642552,372.0,active,6.429457060118103
399,COc1ccc2c(c1)C(=O)N(C[C@@]1(C#Cc3ccc(C(N=O)N4CCNC[C@@H]4C)cc3)NC(=O)NC1=O)C2,CHEMBL3642553,84.0,active,7.075720713938118
400,COc1ccc2c(c1)C(=O)N(C[C@@]1(C#Cc3ccc(C(N=O)N4[C@@H](C)CNC[C@H]4C)cc3)NC(=O)NC1=O)C2,CHEMBL3642554,327.0,active,6.485452247339714
401,COc1ccc2c(c1)C(=O)N(C[C@@]1(C#Cc3ccc(N4CCCCC4=O)cc3)NC(=O)NC1=O)C2,CHEMBL3642555,1394.0,intermediate,5.855737226238009
402,COc1ccc2c(c1)C(=O)N(C[C@@]1(C#Cc3ccc(-c4cn[nH]c4N)cc3)NC(=O)NC1=O)C2,CHEMBL3642556,236.0,active,6.627087997029894
403,COc1ccc2c(c1)C(=O)N(CC1(C#Cc3ccc(/N=C(\NC#N)NC4CC4)cc3)NC(=O)NC1=O)C2,CHEMBL3642557,268.0,active,6.5718652059712115
404,COc1ccc2c(c1)C(=O)N(CC1(C#Cc3cnc(N4CCC5(CC4)NC(=O)NC5=O)nc3N)NC(=O)NC1=O)C2,CHEMBL3642558,557.0,active,6.254144804826271
405,COc1ccc2c(c1)C(=O)N(C[C@@]1(C#Cc3ccc(N4CCC5(CC4)NC(=O)NC5=O)nc3)NC(=O)NC1=O)C2,CHEMBL3642559,347.7,active,6.458795309316741
406,COc1ccc2c(c1)C(=O)N(C[C@@]1(C#Cc3ccc4c(c3)CCCC43NC(=O)NC3=O)NC(=O)NC1=O)C2,CHEMBL3642560,137.0,active,6.863279432843593
407,COc1ccc2c(c1)C(=O)N(C[C@@]1(C#Cc3ccc4c(c3)CC[C@]43NC(=O)NC3=O)NC(=O)NC1=O)C2,CHEMBL3642561,186.0,active,6.730487055782084
408,COc1ccc2c(c1)C(=O)N(C[C@@]1(C#Cc3ccc4c(c3)CC[C@@]43NC(=O)NC3=O)NC(=O)NC1=O)C2,CHEMBL3642562,281.0,active,6.55129368009492
409,COc1ccc2c(c1)C(=O)N(C[C@@]1(C#Cc3ccc4c(c3)CCC43NC(=O)NC3=O)NC(=O)NC1=O)C2,CHEMBL3642563,151.0,active,6.82102305270683
410,CCN1CCN(C(N=O)c2ccc(C#C[C@]3(CN4CCc5cc(OC)ccc5C4=O)NC(=O)NC3=O)cc2)CC1,CHEMBL3642564,335.0,active,6.474955192963154
411,COc1ccc2c(c1)CCN(C[C@@]1(C#Cc3ccc(/C(=N/O)N4CCCN(C)CC4)cc3)NC(=O)NC1=O)C2=O,CHEMBL3642565,639.0,active,6.1944991418416
412,COc1ccc2c(c1)C(=O)N(C[C@@]1(C#Cc3cccnc3)NC(=O)NC1=O)CC2,CHEMBL3642566,10001.0,inactive,4.999956572723137
413,CCCCCCCCCCCCCCO[C@@H]1[C@@H](OCCCCCCCCCCCCCC)[C@@H](OC)O[C@H](C[N+](C)(C)C2CCCC2)[C@H]1O,CHEMBL502604,6000.0,intermediate,5.221848749616356
414,COC1C(COC(=O)CCC(=O)OC[C@H](NC(=O)OCC2c3ccccc3-c3ccccc32)C(=O)O)OC(O)[C@H](OCc2ccccc2)[C@H]1OCc1ccccc1,CHEMBL3971594,46000.0,inactive,4.337242168318426
415,CCCCCCCCCCCCCCO[C@H]1C(OC)[C@@H](COC(=O)CCC(=O)OC[C@H](NC(=O)OCC2c3ccccc3-c3ccccc32)C(=O)O)OC(O)[C@@H]1OCCCCCCCCCCCCCC,CHEMBL3938519,3000.0,intermediate,5.522878745280337
416,CCCCCCCCCCCCCCO[C@@H]1[C@@H](OCCCCCCCCCCCCCC)[C@@H](OC)O[C@H](COC(=O)CCC(=O)OC[C@H](NC(=O)OCC2c3ccccc3-c3ccccc32)C(=O)O)[C@H]1OC,CHEMBL3983488,500.0,active,6.301029995663981
417,CCn1c(=O)c2cnc3c(OC)cccc3c2n(C2CCCC2)c1=O,CHEMBL3952484,180.0,active,6.7447274948966935
418,CCn1c(=O)c2cnc3c(OC)cccc3c2n(-c2ccc(OC)c(OC)c2)c1=O,CHEMBL3977963,14200.0,inactive,4.847711655616943
419,COc1cccc2c1ncc1c(=O)n(C(C)C)c(=O)n(C3CCCC3)c12,CHEMBL3894945,270.0,active,6.568636235841013
420,COc1cccc2c1ncc1c(=O)n(-c3cccs3)c(=O)n(C3CCCC3)c12,CHEMBL3949836,410.0,active,6.3872161432802645
421,CCCn1c(=O)n(CC)c(=O)c2cnc3c(OC)cccc3c21,CHEMBL3892871,680.0,active,6.167491087293763
422,CCCCn1c(=O)n(CC)c(=O)c2cnc3c(OC)cccc3c21,CHEMBL3969462,390.0,active,6.4089353929735005
423,CCn1c(=O)c2cnc3c(OC)cccc3c2n(CC(C)C)c1=O,CHEMBL3898279,1100.0,intermediate,5.958607314841775
424,CCn1c(=O)c2cnc3c(OC)cc(Cl)cc3c2n(C2CCCC2)c1=O,CHEMBL3916613,3500.0,intermediate,5.455931955649724
425,CCn1c(=O)c2cnc3c(OC)cc(F)cc3c2n(C2CCCC2)c1=O,CHEMBL3978166,920.0,active,6.036212172654444
426,CCn1c(=O)c2cnc3c(Cl)cccc3c2n(C2CCCC2)c1=O,CHEMBL3644495,2500.0,intermediate,5.6020599913279625
427,CCCc1cccc2c1ncc1c(=O)n(CC)c(=O)n(C3CCCC3)c12,CHEMBL3644496,2600.0,intermediate,5.585026652029182
428,CCn1c(=O)c2cnc3c(C(C)C)cccc3c2n(C2CCCC2)c1=O,CHEMBL3644497,20000.0,inactive,4.698970004336019
429,CCn1c(=O)c2cnc3c(OC(F)(F)F)cccc3c2n(C2CCCC2)c1=O,CHEMBL3973186,3600.0,intermediate,5.443697499232712
430,CCn1c(=O)c2cnc3c(OC)cccc3c2n(C(C)C)c1=O,CHEMBL3928313,20000.0,inactive,4.698970004336019
431,CCC(C)n1c(=O)c2cnc3c(OC)cccc3c2n(C2CCCC2)c1=O,CHEMBL3938310,450.0,active,6.346787486224656
432,COc1cccc2c1ncc1c(=O)n(-c3ccccc3)c(=O)n(C3CCCC3)c12,CHEMBL3913808,1300.0,intermediate,5.886056647693163
433,CCn1c(=O)c2cnc3c(C)cccc3c2n(C2CCCC2)c1=O,CHEMBL3984643,500.0,active,6.301029995663981
434,CCn1c(=O)c2cnc3c(OC)cccc3c2n(C2CCC(C)CC2)c1=O,CHEMBL3944621,200.0,active,6.698970004336019
435,CCOC(=O)Cn1c(=O)c2cnc3c(OC)cccc3c2n(C2CCCC2)c1=O,CHEMBL3958223,1000.0,active,6.0
436,CCn1c(=O)c2cnc3c(OC)cccc3c2n(CCCF)c1=O,CHEMBL3936729,900.0,active,6.045757490560675
437,COc1cccc2c1ncc1c(=O)n(C)c(=O)n(C3CCCC3)c12,CHEMBL3977927,1400.0,intermediate,5.853871964321762
438,COc1cccc2c1ncc1c(=O)n(-c3cc(C)cs3)c(=O)n(C3CCCC3)c12,CHEMBL3644498,30.0,active,7.522878745280337
439,COc1cccc2c1ncc1c(=O)n(-c3cccc(C)c3)c(=O)n(C3CCCC3)c12,CHEMBL3644499,6.0,active,8.221848749616356
440,COc1cccc2c1ncc1c(=O)n(-c3ccc(C)cc3)c(=O)n(C3CCCC3)c12,CHEMBL3925334,163.0,active,6.787812395596042
441,COc1cccc2c1ncc1c(=O)n(-c3cccc(Cl)c3)c(=O)n(C3CCC(C)CC3)c12,CHEMBL3986436,4.0,active,8.397940008672037
442,COc1cccc2c1ncc1c(=O)n(-c3cccc(Cl)c3)c(=O)n(C3CCCC3)c12,CHEMBL3913144,9.0,active,8.045757490560675
443,CCc1cccc(-n2c(=O)c3cnc4c(OC)cccc4c3n(C3CCCC3)c2=O)c1,CHEMBL3932267,6.0,active,8.221848749616356
444,COc1cccc2c1ncc1c(=O)n(-c3cccc(C)c3)c(=O)n(C3CCC(C)CC3)c12,CHEMBL3958848,1.0,active,9.0
445,CCCCn1c(=O)n(-c2cccc(C)c2)c(=O)c2cnc3c(OC)cccc3c21,CHEMBL3972551,1.0,active,9.0
446,COc1cccc2c1ncc1c(=O)n(-c3ccc4c(c3)OCO4)c(=O)n(C3CCCC3)c12,CHEMBL3644500,2.0,active,8.698970004336019
447,COc1cccc2c1ncc1c(=O)n(-c3cccc(Cl)c3)c(=O)n(C3CCC(F)(F)CC3)c12,CHEMBL3921402,2.0,active,8.698970004336019
448,COc1cccc2c1ncc1c(=O)n(-c3cccc(Cl)c3)c(=O)n(C3CCN(C(=O)OC(C)(C)C)CC3)c12,CHEMBL3966151,1.0,active,9.0
449,COc1cccc2c1ncc1c(=O)n(-c3cccc(Cl)c3)c(=O)n(C3CCNCC3)c12,CHEMBL3947142,5.0,active,8.301029995663981
450,COc1cccc2c1ncc1c(=O)n(-c3cccc(Cl)c3)c(=O)n(C3CCN(C(C)=O)CC3)c12,CHEMBL3976439,2.0,active,8.698970004336019
451,COc1cccc2c1ncc1c(=O)n(-c3cccc(Cl)c3)c(=O)n(C3CCN(C(=O)c4ccccc4)CC3)c12,CHEMBL3931657,1.0,active,9.0
452,COc1cccc2c1ncc1c(=O)n(-c3cccc(Cl)c3)c(=O)n(C3CCN(S(C)(=O)=O)CC3)c12,CHEMBL3644501,2.4,active,8.619788758288394
453,COc1cccc2c1ncc1c(=O)n(-c3cccc(Cl)c3)c(=O)n(C3CCN(S(=O)(=O)C(C)C)CC3)c12,CHEMBL3955760,0.4,active,9.397940008672037
454,COc1cccc2c1ncc1c(=O)n(-c3cccc(Cl)c3)c(=O)n(C3CCN(S(=O)(=O)N(C)C)CC3)c12,CHEMBL3932863,0.4,active,9.397940008672037
455,COc1cccc2c1ncc1c(=O)n(-c3cccc(Cl)c3)c(=O)n(C3CCN(S(=O)(=O)c4ccccc4)CC3)c12,CHEMBL3960339,1.0,active,9.0
456,COc1cccc2c1ncc1c(=O)n(-c3cccc(Cl)c3)c(=O)n(C3CCN(S(=O)(=O)C4CCS(=O)(=O)C4)CC3)c12,CHEMBL3938364,0.4,active,9.397940008672037
457,CCNC(=O)N1CCC(n2c(=O)n(-c3cccc(Cl)c3)c(=O)c3cnc4c(OC)cccc4c32)CC1,CHEMBL3971431,0.6,active,9.221848749616356
458,COc1cccc2c1ncc1c(=O)n(-c3cccc(Cl)c3)c(=O)n(C3CCN(C(=O)NC(C)C)CC3)c12,CHEMBL3954709,0.3,active,9.522878745280337
459,COc1cccc2c1ncc1c(=O)n(-c3ccccc3Cl)c(=O)n(C3CCC(C)CC3)c12,CHEMBL3962756,20.0,active,7.698970004336019
460,COc1cccc2c1ncc1c(=O)n(-c3ccc(Cl)cc3)c(=O)n(C3CCC(C)CC3)c12,CHEMBL3911773,0.9,active,9.045757490560675
461,COc1cccc2c1ncc1c(=O)n(-c3cccc(Cl)c3)c(=O)n(C3CCC(C(=O)O)CC3)c12,CHEMBL3938524,1.0,active,9.0
462,COc1cccc2c1ncc1c(=O)n(-c3cccc(Cl)c3)c(=O)n(C3CCCCC3)c12,CHEMBL3948031,4.0,active,8.397940008672037
463,COc1cccc2c1ncc1c(=O)n(-c3ccc4c(c3)OCO4)c(=O)n(C3CCN(C(=O)OC(C)(C)C)CC3)c12,CHEMBL3962096,1.0,active,9.0
464,COc1cccc2c1ncc1c(=O)n(-c3ccc4c(c3)OCO4)c(=O)n(C3CCNCC3)c12,CHEMBL3917179,450.0,active,6.346787486224656
465,COc1cccc2c1ncc1c(=O)n(-c3ccc4c(c3)OCO4)c(=O)n(C3CCN(S(C)(=O)=O)CC3)c12,CHEMBL3986932,8.0,active,8.096910013008056
466,COc1cccc2c1ncc1c(=O)n(-c3cccc(C#N)c3)c(=O)n(C3CCCC3)c12,CHEMBL3964458,123.0,active,6.910094888560602
467,COc1cccc2c1ncc1c(=O)n(-c3cccc(SC)c3)c(=O)n(C3CCCC3)c12,CHEMBL3982748,74.0,active,7.130768280269024
468,COc1cccc2c1ncc1c(=O)n(-c3cccc(S(C)(=O)=O)c3)c(=O)n(C3CCCC3)c12,CHEMBL3953457,280.0,active,6.552841968657781
469,COc1cccc2c1ncc1c(=O)n(-c3cccc(Cl)c3)c(=O)n([C@@H]3CCN(C(=O)OC(C)(C)C)C3)c12,CHEMBL4108792,0.3,active,9.522878745280337
470,COc1cccc2c1ncc1c(=O)n(-c3cccc(Cl)c3)c(=O)n([C@@H]3CCNC3)c12,CHEMBL4110900,31.0,active,7.508638306165727
471,COc1cccc2c1ncc1c(=O)n(-c3cccc(Cl)c3)c(=O)n([C@@H]3CCN(S(C)(=O)=O)C3)c12,CHEMBL3644503,29.0,active,7.5376020021010435
472,COc1cccc2c1ncc1c(=O)n(-c3cccc(Cl)c3)c(=O)n([C@H]3CCN(C(=O)OC(C)(C)C)C3)c12,CHEMBL3903807,2.0,active,8.698970004336019
473,COc1cccc2c1ncc1c(=O)n(-c3cccc(Cl)c3)c(=O)n([C@H]3CCNC3)c12,CHEMBL3966213,1000.0,active,6.0
474,COc1cccc2c1ncc1c(=O)n(-c3cccc(Cl)c3)c(=O)n([C@H]3CCN(S(C)(=O)=O)C3)c12,CHEMBL3644504,29.0,active,7.5376020021010435
475,COc1cccc2c1ncc1c(=O)n(-c3ccc4c(c3)OCCO4)c(=O)n(C3CCCC3)c12,CHEMBL3958464,240.0,active,6.619788758288394
476,COC(=O)N1CCC(n2c(=O)n(-c3cccc(Cl)c3)c(=O)c3cnc4c(OC)cccc4c32)CC1,CHEMBL3952042,50000.0,inactive,4.301029995663981
477,COc1cccc2c1ncc1c(=O)n(-c3cccc(Cl)c3)c(=O)n(CC3CCN(S(C)(=O)=O)CC3)c12,CHEMBL3986640,2.0,active,8.698970004336019
478,COc1cccc2c1ncc1c(=O)n(-c3cccc(Cl)c3)c(=O)n(C3CCC(NS(C)(=O)=O)CC3)c12,CHEMBL3945875,6.0,active,8.221848749616356
479,Nc1nccc(N(Cc2ccccc2)c2ccccc2-c2cccc(-c3cnc(N4CCNCC4)nc3)c2)n1,CHEMBL4060030,1100.0,intermediate,5.958607314841775
480,Nc1nccc(N(Cc2ccccc2)c2ccccc2-c2cccc(-c3cnc(N4CCNCC4)nc3)c2)n1,CHEMBL4060030,1100.0,intermediate,5.920818753952375
481,Nc1nccc(N(Cc2ccccc2)c2ccccc2-c2cccc(-c3cnc(N4CCNCC4)nc3)c2)n1,CHEMBL4060030,1200.0,intermediate,5.958607314841775
482,Nc1nccc(N(Cc2ccccc2)c2ccccc2-c2cccc(-c3cnc(N4CCNCC4)nc3)c2)n1,CHEMBL4060030,1200.0,intermediate,5.920818753952375
483,COc1c(O)cc2c(c1O)[C@@H]1O[C@H](CO)[C@@H](O)[C@H](O)[C@H]1OC2=O,CHEMBL273019,12500.0,inactive,4.903089986991944
484,O=C1/C(=C/c2ccncc2)Cc2ccccc21,CHEMBL23150,5750.0,intermediate,5.2403321553103694
485,Cl.O=C1/C(=C/c2ccncc2)Cc2ccccc21,CHEMBL4128396,2130.0,intermediate,5.671620396561262
486,Cl.O=C1/C(=C/c2ccncc2)Cc2cccc(O)c21,CHEMBL4128842,2250.0,intermediate,5.647817481888637
487,Cl.O=C1/C(=C/c2ccncc2)Cc2ccc(O)cc21,CHEMBL4130207,1990.0,intermediate,5.701146923590294
488,Cl.O=C1/C(=C/c2ccncc2)Cc2c(O)cccc21,CHEMBL4128990,2140.0,intermediate,5.669586226650809
489,Cl.O=C1/C(=C/c2cccnc2)Cc2ccc(O)cc21,CHEMBL4127754,2710.0,intermediate,5.567030709125595
490,Cl.O=C1/C(=C/c2cccnc2)Cc2c(O)cccc21,CHEMBL4127950,4800.0,intermediate,5.318758762624412
491,Nc1ccc(O)c(C(=O)O)c1,CHEMBL704,20600000.0,inactive,1.6861327796308465
492,Nc1ccc(O)c(C(=O)O)c1,CHEMBL704,20600000.0,inactive,4.698970004336019
493,Nc1ccc(O)c(C(=O)O)c1,CHEMBL704,20000.0,inactive,1.6861327796308465
494,Nc1ccc(O)c(C(=O)O)c1,CHEMBL704,20000.0,inactive,4.698970004336019
495,CS(=O)(=O)c1ccc(-c2ccc3ncc(S(=O)(=O)N4CCN(Cc5ccccc5)CC4)n3n2)cc1,CHEMBL4216431,12000.0,inactive,4.920818753952375
496,O=S(=O)(c1cnc2ccc(-c3cccnc3)nn12)N1CCN(c2ccccn2)CC1,CHEMBL4204753,11000.0,inactive,4.958607314841775
497,O=S(=O)(c1cnc2ccc(-c3cncc(F)c3)nn12)N1CCN(c2ccccn2)CC1,CHEMBL4204234,28000.0,inactive,4.552841968657781
498,O=S(=O)(c1cnc2ccc(-c3cncc(C(F)(F)F)c3)nn12)N1CCN(c2ccccn2)CC1,CHEMBL4209097,11000.0,inactive,4.958607314841775
499,Nc1ncc(-c2ccc3ncc(S(=O)(=O)N4CCN(c5ccccn5)CC4)n3n2)cc1C(F)(F)F,CHEMBL4211883,11000.0,inactive,4.958607314841775
500,COc1ccc(-c2ccc3ncc(S(=O)(=O)N4CCN(c5ccccn5)CC4)n3n2)cn1,CHEMBL4214427,30000.0,inactive,4.522878745280337
501,CS(=O)(=O)c1ccc(-c2ccc3ncc(S(=O)(=O)N4CCN(c5ccccn5)CC4)n3n2)cc1,CHEMBL4216524,12000.0,inactive,4.920818753952375
502,N#CC1(c2ccccc2)CCN(S(=O)(=O)c2cnc3ccc(-c4cccnc4)nn23)CC1,CHEMBL4206607,7000.0,intermediate,5.154901959985743
503,N#CC1(c2ccccc2)CCN(S(=O)(=O)c2cnc3ccc(-c4cncc(F)c4)nn23)CC1,CHEMBL4205907,30000.0,inactive,4.522878745280337
504,N#CC1(c2ccccc2)CCN(S(=O)(=O)c2cnc3ccc(-c4cncc(C(F)(F)F)c4)nn23)CC1,CHEMBL4211594,20000.0,inactive,4.698970004336019
505,CS(=O)(=O)c1ccc(-c2ccc3ncc(S(=O)(=O)N4CCC(C#N)(c5ccccc5)CC4)n3n2)cc1,CHEMBL4202770,8000.0,intermediate,5.096910013008056
506,COc1ccc(-c2ccc3ncc(S(=O)(=O)N4CCC(C#N)(c5ccccc5)CC4)n3n2)cc1OC,CHEMBL4215614,500.0,active,6.301029995663981
507,COc1cccc(CNS(=O)(=O)c2cnc3ccc(-c4cccnc4)nn23)c1,CHEMBL4214663,300.0,active,6.522878745280337
508,COc1cccc(CNS(=O)(=O)c2cnc3ccc(-c4cncc(F)c4)nn23)c1,CHEMBL4212779,6000.0,intermediate,5.221848749616356
509,COc1cccc(CNS(=O)(=O)c2cnc3ccc(-c4cncc(C(F)(F)F)c4)nn23)c1,CHEMBL4204585,30000.0,inactive,4.522878745280337
510,COc1cccc(CNS(=O)(=O)c2cnc3ccc(-c4cnc(N)c(C(F)(F)F)c4)nn23)c1,CHEMBL4215621,30000.0,inactive,4.522878745280337
511,COc1cccc(CNS(=O)(=O)c2cnc3ccc(-c4ccc(OC)nc4)nn23)c1,CHEMBL4204718,30000.0,inactive,4.522878745280337
512,COc1cccc(CNS(=O)(=O)c2cnc3ccc(-c4ccc(S(C)(=O)=O)cc4)nn23)c1,CHEMBL4208400,28000.0,inactive,4.552841968657781
513,O=S(=O)(NCC1CCCO1)c1cnc2ccc(-c3cccnc3)nn12,CHEMBL4204861,4000.0,intermediate,5.3979400086720375
514,O=S(=O)(NCC1CCCO1)c1cnc2ccc(-c3cncc(F)c3)nn12,CHEMBL4206211,4000.0,intermediate,5.3979400086720375
515,O=S(=O)(NCC1CCCO1)c1cnc2ccc(-c3cncc(C(F)(F)F)c3)nn12,CHEMBL4204426,30000.0,inactive,4.522878745280337
516,COc1ccc(-c2ccc3ncc(S(=O)(=O)NCC4CCCO4)n3n2)cn1,CHEMBL4211218,6000.0,intermediate,5.221848749616356
517,COc1ccc(-c2ccc3ncc(S(=O)(=O)NCC4CCCO4)n3n2)cc1,CHEMBL4209925,4000.0,intermediate,5.3979400086720375
518,CS(=O)(=O)c1ccc(-c2ccc3ncc(S(=O)(=O)NCC4CCCO4)n3n2)cc1,CHEMBL4204400,30000.0,inactive,4.522878745280337
519,COc1ccc(C2CNC(=O)C2)cc1OC1CCCC1,CHEMBL63,500.0,active,6.301029995663981
520,COc1ccc(C2CNC(=O)C2)cc1OC1CCCC1,CHEMBL63,500.0,active,6.698970004336019
521,COc1ccc(C2CNC(=O)C2)cc1OC1CCCC1,CHEMBL63,200.0,active,6.301029995663981
522,COc1ccc(C2CNC(=O)C2)cc1OC1CCCC1,CHEMBL63,200.0,active,6.698970004336019
523,O=S(=O)(c1cnc2ccc(-c3cncc(F)c3)nn12)N1CCN(Cc2ccccc2)CC1,CHEMBL4217894,30000.0,inactive,4.522878745280337
524,O=S(=O)(c1cnc2ccc(-c3cccnc3)nn12)N1CCN(Cc2ccccc2)CC1,CHEMBL4212953,18000.0,inactive,4.7447274948966935
525,CCN1CCN(S(=O)(=O)c2cnc3ccc(-c4ccc(S(C)(=O)=O)cc4)nn23)CC1,CHEMBL4213498,15000.0,inactive,4.823908740944319
526,CCN1CCN(S(=O)(=O)c2cnc3ccc(-c4ccc(OC)cc4)nn23)CC1,CHEMBL4208563,20000.0,inactive,4.698970004336019
527,CCN1CCN(S(=O)(=O)c2cnc3ccc(-c4ccc(OC)nc4)nn23)CC1,CHEMBL4208862,20000.0,inactive,4.698970004336019
528,CCN1CCN(S(=O)(=O)c2cnc3ccc(-c4cncc(C(F)(F)F)c4)nn23)CC1,CHEMBL4213788,9000.0,intermediate,5.045757490560675
529,CCN1CCN(S(=O)(=O)c2cnc3ccc(-c4cncc(F)c4)nn23)CC1,CHEMBL4212270,30000.0,inactive,4.522878745280337
530,CCN1CCN(S(=O)(=O)c2cnc3ccc(-c4cccnc4)nn23)CC1,CHEMBL4217242,15000.0,inactive,4.823908740944319
531,Nc1ncc(-c2ccc3ncc(S(N)(=O)=O)n3n2)cc1C(F)(F)F,CHEMBL4216705,4000.0,intermediate,5.3979400086720375
532,COc1cccc(CNS(=O)(=O)c2cnc3ccc(Cl)nn23)c1,CHEMBL4218009,30000.0,inactive,4.522878745280337
533,N#CC1(c2ccccc2)CCN(S(=O)(=O)c2cnc3ccc(Cl)nn23)CC1,CHEMBL4203548,25000.0,inactive,4.6020599913279625
534,O=S(=O)(c1cnc2ccc(Cl)nn12)N1CCN(Cc2ccccc2)CC1,CHEMBL4207994,30000.0,inactive,4.522878745280337
535,O=S(=O)(c1cnc2ccc(Cl)nn12)N1CCN(c2ccccc2)CC1,CHEMBL4207908,30000.0,inactive,4.522878745280337
536,O=S(=O)(c1cnc2ccc(Cl)nn12)N1CCN(c2ccccn2)CC1,CHEMBL4212813,30000.0,inactive,4.522878745280337
537,CCN1CCN(S(=O)(=O)c2cnc3ccc(Cl)nn23)CC1,CHEMBL4217876,30000.0,inactive,4.522878745280337
538,O=S(=O)(NCC1CCCO1)c1cnc2ccc(Cl)nn12,CHEMBL4212933,30000.0,inactive,4.522878745280337
539,NS(=O)(=O)c1cnc2ccc(Cl)nn12,CHEMBL4206575,28000.0,inactive,4.552841968657781
540,Cc1nc(Nc2nnc(-c3ccccc3)s2)c(C)c(C)c1O,CHEMBL4284433,290.0,active,6.5376020021010435
541,Cc1nc(Nc2cnc3ccccc3c2)c(C)c(C)c1O,CHEMBL4280147,540.0,active,6.267606240177032
542,Cc1nc(Nc2ccc(Cl)nc2)c(C)c(C)c1O,CHEMBL4277438,360.0,active,6.443697499232712
